name,image_id,base_info,category,price_0,sub_card,star,star_detail,star_0,star_1,star_2,star_3,star_4,star_5,star_6,star_7,star_8,star_9,star_10,star_11,star_12,star_13,star_14,star_15,star_16,star_M,star_U,skill,skill_detail,skill_0,skill_1,skill_2,skill_3,skill_4,skill_5,skill_6,skill_7,skill_8,transfer_change,additional_info,decompose_item,decompose_card_1,decompose_card_2,decompose_card_3,decompose_card_4,decompose_skill_1,decompose_skill_2,decompose_skill_3,decompose_skill_4,decompose_transfer_1_a,decompose_transfer_1_b,decompose_transfer_1_c,decompose_transfer_2_a,decompose_transfer_2_b,decompose_transfer_2_c,decompose_transfer_3_a,decompose_transfer_3_b,decompose_transfer_3_c,decompose_compose,get_card_1,get_card_2,get_card_3,get_card_4,get_skill_1,get_skill_2,get_skill_3,get_skill_4,get_transfer_1_a,get_transfer_1_b,get_transfer_1_c,get_transfer_2_a,get_transfer_2_b,get_transfer_2_c,get_transfer_3_a,get_transfer_3_b,get_transfer_3_c,get_compose,decompose_image_id_card_1,decompose_image_id_card_2,decompose_image_id_card_3,decompose_image_id_card_4,decompose_image_id_skill_1,decompose_image_id_skill_2,decompose_image_id_skill_3,decompose_image_id_skill_4,decompose_image_id_transfer_1_a,decompose_image_id_transfer_1_b,decompose_image_id_transfer_1_c,decompose_image_id_transfer_2_a,decompose_image_id_transfer_2_b,decompose_image_id_transfer_2_c,decompose_image_id_transfer_3_a,decompose_image_id_transfer_3_b,decompose_image_id_transfer_3_c,decompose_image_id_compose
阿瑞斯神使,card_data_index_1_1_4_0,"🟡合成材料：合金水管+天秤座星宿

🟤不转：阿瑞斯神使
🟤能力：前后方分别同时发射4发强力子弹，一共8发

🟠三转：阿瑞斯圣神
🟠能力：前方增加1发子弹

🟣四转：战神·阿瑞斯
🟣能力：后方增加1发子弹。每隔几发射出强力的超级子弹，并且首发即为超级子弹

🔴终转：至尊战神
🔴能力：超级子弹产生3*3十字爆炸效果",管线类/水管类,150,好卡😀,攻击力,攻击力,14,16,18,20,22,24,28,34,42,58,74,89,108,128,148,168,188,258,387,攻击间隔,攻击间隔,1.4,1.35,1.3,1.25,1.2,1.15,1.1,1.05,1,⚔️️子弹数(后+前)：4+4/4+5/5+5/5+5,"😋[食神谱]菲丽水：攻击力提升25%

⭐[金卡援护]攻击力最高提升35

📕[图鉴]收集8张卡片(终转0张)，攻速提升5%

🤔️[附加说明]
1.四转首轮攻击的首发为4倍伤害不过火的超级子弹，后间隔3轮发射1次(即第4n+1(n∈N)轮攻击的首发子弹)
2.四转、终转战神的超级子弹均为替换关系(即用超级子弹替换普通子弹)
3.终转超级子弹对命中者造成7倍伤，同格者造成6倍伤，3*3十字的四角造成3倍伤",神谕之石,10,40,55,🚫,3,6,12,24,10,10,10,15,15,15,🚫,🚫,🚫,10,🚫,🚫,🚫,🚫,9,18,36,72,30,30,30,45,45,45,🚫,90,90,30,card_data_index_1_1_4_0,card_data_index_1_1_4_1,card_data_index_1_1_4_2,card_data_index_1_1_4_3,card_data_decompose_1_1_4_skill_1,card_data_decompose_1_1_4_skill_2,card_data_decompose_1_1_4_skill_3,card_data_decompose_1_1_4_skill_4,card_data_decompose_1_1_4_transfer_1_a,card_data_decompose_1_1_4_transfer_1_b,card_data_decompose_1_1_4_transfer_1_c,card_data_decompose_1_1_4_transfer_2_a,card_data_decompose_1_1_4_transfer_2_b,card_data_decompose_1_1_4_transfer_2_c,card_data_decompose_1_1_4_transfer_3_a,card_data_decompose_1_1_4_transfer_3_b,card_data_decompose_1_1_4_transfer_3_c,card_data_decompose_1_1_4_compose
阿瑞斯圣神,card_data_index_1_1_4_1,"🟡合成材料：合金水管+天秤座星宿

🟤不转：阿瑞斯神使
🟤能力：前后方分别同时发射4发强力子弹，一共8发

🟠三转：阿瑞斯圣神
🟠能力：前方增加1发子弹

🟣四转：战神·阿瑞斯
🟣能力：后方增加1发子弹。每隔几发射出强力的超级子弹，并且首发即为超级子弹

🔴终转：至尊战神
🔴能力：超级子弹产生3*3十字爆炸效果",管线类/水管类,150,好卡😀,攻击力,攻击力,14,16,18,20,22,24,28,34,42,58,74,89,108,128,148,168,188,258,387,攻击间隔,攻击间隔,1.4,1.35,1.3,1.25,1.2,1.15,1.1,1.05,1,⚔️️子弹数(后+前)：4+4/4+5/5+5/5+5,"😋[食神谱]菲丽水：攻击力提升25%

⭐[金卡援护]攻击力最高提升35

📕[图鉴]收集8张卡片(终转0张)，攻速提升5%

🤔️[附加说明]
1.四转首轮攻击的首发为4倍伤害不过火的超级子弹，后间隔3轮发射1次(即第4n+1(n∈N)轮攻击的首发子弹)
2.四转、终转战神的超级子弹均为替换关系(即用超级子弹替换普通子弹)
3.终转超级子弹对命中者造成7倍伤，同格者造成6倍伤，3*3十字的四角造成3倍伤",神谕之石,10,40,55,🚫,3,6,12,24,10,10,10,15,15,15,🚫,🚫,🚫,10,🚫,🚫,🚫,🚫,9,18,36,72,30,30,30,45,45,45,🚫,90,90,30,card_data_index_1_1_4_0,card_data_index_1_1_4_1,card_data_index_1_1_4_2,card_data_index_1_1_4_3,card_data_decompose_1_1_4_skill_1,card_data_decompose_1_1_4_skill_2,card_data_decompose_1_1_4_skill_3,card_data_decompose_1_1_4_skill_4,card_data_decompose_1_1_4_transfer_1_a,card_data_decompose_1_1_4_transfer_1_b,card_data_decompose_1_1_4_transfer_1_c,card_data_decompose_1_1_4_transfer_2_a,card_data_decompose_1_1_4_transfer_2_b,card_data_decompose_1_1_4_transfer_2_c,card_data_decompose_1_1_4_transfer_3_a,card_data_decompose_1_1_4_transfer_3_b,card_data_decompose_1_1_4_transfer_3_c,card_data_decompose_1_1_4_compose
战神·阿瑞斯,card_data_index_1_1_4_2,"🟡合成材料：合金水管+天秤座星宿

🟤不转：阿瑞斯神使
🟤能力：前后方分别同时发射4发强力子弹，一共8发

🟠三转：阿瑞斯圣神
🟠能力：前方增加1发子弹

🟣四转：战神·阿瑞斯
🟣能力：后方增加1发子弹。每隔几发射出强力的超级子弹，并且首发即为超级子弹

🔴终转：至尊战神
🔴能力：超级子弹产生3*3十字爆炸效果",管线类/水管类,150,好卡😀,攻击力,攻击力,14,16,18,20,22,24,28,34,42,58,74,89,108,128,148,168,188,258,387,攻击间隔,攻击间隔,1.4,1.35,1.3,1.25,1.2,1.15,1.1,1.05,1,⚔️️子弹数(后+前)：4+4/4+5/5+5/5+5,"😋[食神谱]菲丽水：攻击力提升25%

⭐[金卡援护]攻击力最高提升35

📕[图鉴]收集8张卡片(终转0张)，攻速提升5%

🤔️[附加说明]
1.四转首轮攻击的首发为4倍伤害不过火的超级子弹，后间隔3轮发射1次(即第4n+1(n∈N)轮攻击的首发子弹)
2.四转、终转战神的超级子弹均为替换关系(即用超级子弹替换普通子弹)
3.终转超级子弹对命中者造成7倍伤，同格者造成6倍伤，3*3十字的四角造成3倍伤",神谕之石,10,40,55,🚫,3,6,12,24,10,10,10,15,15,15,🚫,🚫,🚫,10,🚫,🚫,🚫,🚫,9,18,36,72,30,30,30,45,45,45,🚫,90,90,30,card_data_index_1_1_4_0,card_data_index_1_1_4_1,card_data_index_1_1_4_2,card_data_index_1_1_4_3,card_data_decompose_1_1_4_skill_1,card_data_decompose_1_1_4_skill_2,card_data_decompose_1_1_4_skill_3,card_data_decompose_1_1_4_skill_4,card_data_decompose_1_1_4_transfer_1_a,card_data_decompose_1_1_4_transfer_1_b,card_data_decompose_1_1_4_transfer_1_c,card_data_decompose_1_1_4_transfer_2_a,card_data_decompose_1_1_4_transfer_2_b,card_data_decompose_1_1_4_transfer_2_c,card_data_decompose_1_1_4_transfer_3_a,card_data_decompose_1_1_4_transfer_3_b,card_data_decompose_1_1_4_transfer_3_c,card_data_decompose_1_1_4_compose
至尊战神,card_data_index_1_1_4_3,"🟡合成材料：合金水管+天秤座星宿

🟤不转：阿瑞斯神使
🟤能力：前后方分别同时发射4发强力子弹，一共8发

🟠三转：阿瑞斯圣神
🟠能力：前方增加1发子弹

🟣四转：战神·阿瑞斯
🟣能力：后方增加1发子弹。每隔几发射出强力的超级子弹，并且首发即为超级子弹

🔴终转：至尊战神
🔴能力：超级子弹产生3*3十字爆炸效果",管线类/水管类,150,好卡😀,攻击力,攻击力,14,16,18,20,22,24,28,34,42,58,74,89,108,128,148,168,188,258,387,攻击间隔,攻击间隔,1.4,1.35,1.3,1.25,1.2,1.15,1.1,1.05,1,⚔️️子弹数(后+前)：4+4/4+5/5+5/5+5,"😋[食神谱]菲丽水：攻击力提升25%

⭐[金卡援护]攻击力最高提升35

📕[图鉴]收集8张卡片(终转0张)，攻速提升5%

🤔️[附加说明]
1.四转首轮攻击的首发为4倍伤害不过火的超级子弹，后间隔3轮发射1次(即第4n+1(n∈N)轮攻击的首发子弹)
2.四转、终转战神的超级子弹均为替换关系(即用超级子弹替换普通子弹)
3.终转超级子弹对命中者造成7倍伤，同格者造成6倍伤，3*3十字的四角造成3倍伤",神谕之石,10,40,55,🚫,3,6,12,24,10,10,10,15,15,15,🚫,🚫,🚫,10,🚫,🚫,🚫,🚫,9,18,36,72,30,30,30,45,45,45,🚫,90,90,30,card_data_index_1_1_4_0,card_data_index_1_1_4_1,card_data_index_1_1_4_2,card_data_index_1_1_4_3,card_data_decompose_1_1_4_skill_1,card_data_decompose_1_1_4_skill_2,card_data_decompose_1_1_4_skill_3,card_data_decompose_1_1_4_skill_4,card_data_decompose_1_1_4_transfer_1_a,card_data_decompose_1_1_4_transfer_1_b,card_data_decompose_1_1_4_transfer_1_c,card_data_decompose_1_1_4_transfer_2_a,card_data_decompose_1_1_4_transfer_2_b,card_data_decompose_1_1_4_transfer_2_c,card_data_decompose_1_1_4_transfer_3_a,card_data_decompose_1_1_4_transfer_3_b,card_data_decompose_1_1_4_transfer_3_c,card_data_decompose_1_1_4_compose
丘比特神使,card_data_index_1_2_4_0,"🟡合成材料：终结者酒架+射手座星宿

🟤不转：丘比特神使
🟤能力：向正前方三行分别射出2发子弹，一共6发

🟠三转：丘比特圣神
🟠能力：中路增加1发攻击力50%的子弹

🟣四转：爱神·丘比特
🟣能力：2行侧路各增加1发子弹

🔴终转：至尊爱神
🔴能力：两行侧路间隔发射穿透效果超级子弹",管线类/三线类,300,好卡😀,攻击力,攻击力,17,20,23,26,29,32,35,41,51,63,87,111,135,158,185,210,235,325,488,攻击间隔,攻击间隔,1.4,1.35,1.3,1.25,1.2,1.15,1.1,1.05,1,⚔️️子弹数(三转加中路，四转加侧路)：6/6.5/8.5/8.5,"😋[食神谱]汉帝茅台：攻击力提升20%，攻速提升5%

⭐[金卡援护]攻击力最高提升35

📕[图鉴]收集10张卡片，攻速提升10%

🤔️[附加说明]
1.终转首轮攻击侧路各额外发射(不占用普通子弹)1发3倍伤害穿透不过火的超级子弹，后间隔3轮发射1次(即第4n+1(n∈N)轮攻击)
2.存在边路补偿机制，放在1或7路边路无法发射的超级子弹会转到中路发射
3.三转增加子弹仅50%伤害
4.超级子弹均不可过火
5.爱神不转攻击前摇0.4秒，三转后攻击前摇缩短至0
6.爱神上下贴着布丁类卡片放置会导致侧路子弹无法正常发射",神谕之石,10,40,55,🚫,3,6,12,24,10,10,10,15,15,15,28,🚫,🚫,10,🚫,🚫,🚫,🚫,9,18,36,72,30,30,30,45,45,45,🚫,100,100,30,,,,,,,,,,,,,,,,,,
丘比特圣神,card_data_index_1_2_4_1,"🟡合成材料：终结者酒架+射手座星宿

🟤不转：丘比特神使
🟤能力：向正前方三行分别射出2发子弹，一共6发

🟠三转：丘比特圣神
🟠能力：中路增加1发攻击力50%的子弹

🟣四转：爱神·丘比特
🟣能力：2行侧路各增加1发子弹

🔴终转：至尊爱神
🔴能力：两行侧路间隔发射穿透效果超级子弹",管线类/三线类,300,好卡😀,攻击力,攻击力,17,20,23,26,29,32,35,41,51,63,87,111,135,158,185,210,235,325,488,攻击间隔,攻击间隔,1.4,1.35,1.3,1.25,1.2,1.15,1.1,1.05,1,⚔️️子弹数(三转加中路，四转加侧路)：6/6.5/8.5/8.5,"😋[食神谱]汉帝茅台：攻击力提升20%，攻速提升5%

⭐[金卡援护]攻击力最高提升35

📕[图鉴]收集10张卡片，攻速提升10%

🤔️[附加说明]
1.终转首轮攻击侧路各额外发射(不占用普通子弹)1发3倍伤害穿透不过火的超级子弹，后间隔3轮发射1次(即第4n+1(n∈N)轮攻击)
2.存在边路补偿机制，放在1或7路边路无法发射的超级子弹会转到中路发射
3.三转增加子弹仅50%伤害
4.超级子弹均不可过火
5.爱神不转攻击前摇0.4秒，三转后攻击前摇缩短至0
6.爱神上下贴着布丁类卡片放置会导致侧路子弹无法正常发射",神谕之石,10,40,55,🚫,3,6,12,24,10,10,10,15,15,15,28,🚫,🚫,10,🚫,🚫,🚫,🚫,9,18,36,72,30,30,30,45,45,45,🚫,100,100,30,,,,,,,,,,,,,,,,,,
爱神·丘比特,card_data_index_1_2_4_2,"🟡合成材料：终结者酒架+射手座星宿

🟤不转：丘比特神使
🟤能力：向正前方三行分别射出2发子弹，一共6发

🟠三转：丘比特圣神
🟠能力：中路增加1发攻击力50%的子弹

🟣四转：爱神·丘比特
🟣能力：2行侧路各增加1发子弹

🔴终转：至尊爱神
🔴能力：两行侧路间隔发射穿透效果超级子弹",管线类/三线类,300,好卡😀,攻击力,攻击力,17,20,23,26,29,32,35,41,51,63,87,111,135,158,185,210,235,325,488,攻击间隔,攻击间隔,1.4,1.35,1.3,1.25,1.2,1.15,1.1,1.05,1,⚔️️子弹数(三转加中路，四转加侧路)：6/6.5/8.5/8.5,"😋[食神谱]汉帝茅台：攻击力提升20%，攻速提升5%

⭐[金卡援护]攻击力最高提升35

📕[图鉴]收集10张卡片，攻速提升10%

🤔️[附加说明]
1.终转首轮攻击侧路各额外发射(不占用普通子弹)1发3倍伤害穿透不过火的超级子弹，后间隔3轮发射1次(即第4n+1(n∈N)轮攻击)
2.存在边路补偿机制，放在1或7路边路无法发射的超级子弹会转到中路发射
3.三转增加子弹仅50%伤害
4.超级子弹均不可过火
5.爱神不转攻击前摇0.4秒，三转后攻击前摇缩短至0
6.爱神上下贴着布丁类卡片放置会导致侧路子弹无法正常发射",神谕之石,10,40,55,🚫,3,6,12,24,10,10,10,15,15,15,28,🚫,🚫,10,🚫,🚫,🚫,🚫,9,18,36,72,30,30,30,45,45,45,🚫,100,100,30,,,,,,,,,,,,,,,,,,
至尊爱神,card_data_index_1_2_4_3,"🟡合成材料：终结者酒架+射手座星宿

🟤不转：丘比特神使
🟤能力：向正前方三行分别射出2发子弹，一共6发

🟠三转：丘比特圣神
🟠能力：中路增加1发攻击力50%的子弹

🟣四转：爱神·丘比特
🟣能力：2行侧路各增加1发子弹

🔴终转：至尊爱神
🔴能力：两行侧路间隔发射穿透效果超级子弹",管线类/三线类,300,好卡😀,攻击力,攻击力,17,20,23,26,29,32,35,41,51,63,87,111,135,158,185,210,235,325,488,攻击间隔,攻击间隔,1.4,1.35,1.3,1.25,1.2,1.15,1.1,1.05,1,⚔️️子弹数(三转加中路，四转加侧路)：6/6.5/8.5/8.5,"😋[食神谱]汉帝茅台：攻击力提升20%，攻速提升5%

⭐[金卡援护]攻击力最高提升35

📕[图鉴]收集10张卡片，攻速提升10%

🤔️[附加说明]
1.终转首轮攻击侧路各额外发射(不占用普通子弹)1发3倍伤害穿透不过火的超级子弹，后间隔3轮发射1次(即第4n+1(n∈N)轮攻击)
2.存在边路补偿机制，放在1或7路边路无法发射的超级子弹会转到中路发射
3.三转增加子弹仅50%伤害
4.超级子弹均不可过火
5.爱神不转攻击前摇0.4秒，三转后攻击前摇缩短至0
6.爱神上下贴着布丁类卡片放置会导致侧路子弹无法正常发射",神谕之石,10,40,55,🚫,3,6,12,24,10,10,10,15,15,15,28,🚫,🚫,10,🚫,🚫,🚫,🚫,9,18,36,72,30,30,30,45,45,45,🚫,100,100,30,,,,,,,,,,,,,,,,,,
尤弥尔神使,card_data_index_2_1_3_0,"🟡合成材料：钢爪窃蛋龙+花椒蜥蜴投手

🟤不转：尤弥尔神使
🟤能力：向前方3行分别投掷2个威力巨大的金瓜锤

🟠三转：尤弥尔圣神
🟠能力：中路增加1发子弹

🟣四转：巨神·尤弥尔
🟣能力：侧路各增加1发子弹，灰烬效果

🔴终转：至尊巨神
🔴能力：子弹增加，溅射提高",投掷类/大型投手/A.三线投手,380,好卡😀,攻击力,攻击力,65,75,90,105,130,155,180,220,260,300,340,380,480,580,700,820,980,1300,1950,攻击间隔,攻击间隔,2.1,2.05,2,1.95,1.9,1.85,1.8,1.75,1.6,"⚔️️子弹数量：6/7/9/12
⚔️️溅射伤害：3×3范围45%/45%/45%/50%溅射","😋[食神谱]锤子肉片：攻击力提升15%

💦[溅射]溅射受投掷增幅类卡加成

💣[灰烬]炮弹附带灰烬击杀

🤔️[附加说明]
1.子弹移速为雷神的1.33倍
2.投掷增幅类卡可增强本行的子弹和邻行溅射到本行的溅射伤害
3.没有砸中老鼠的子弹也会爆炸
4.老鼠可同时吃多路溅射",神谕之石,🚫,🚫,🚫,🚫,🚫,🚫,🚫,🚫,12,12,12,🚫,🚫,🚫,28,🚫,🚫,12,🚫,🚫,🚫,🚫,21,42,95,182,🚫,🚫,🚫,98,98,98,🚫,107,107,🚫,,,,,,,,,,,,,,,,,,
尤弥尔圣神,card_data_index_2_1_3_1,"🟡合成材料：钢爪窃蛋龙+花椒蜥蜴投手

🟤不转：尤弥尔神使
🟤能力：向前方3行分别投掷2个威力巨大的金瓜锤

🟠三转：尤弥尔圣神
🟠能力：中路增加1发子弹

🟣四转：巨神·尤弥尔
🟣能力：侧路各增加1发子弹，灰烬效果

🔴终转：至尊巨神
🔴能力：子弹增加，溅射提高",投掷类/大型投手/A.三线投手,380,好卡😀,攻击力,攻击力,65,75,90,105,130,155,180,220,260,300,340,380,480,580,700,820,980,1300,1950,攻击间隔,攻击间隔,2.1,2.05,2,1.95,1.9,1.85,1.8,1.75,1.6,"⚔️️子弹数量：6/7/9/12
⚔️️溅射伤害：3×3范围45%/45%/45%/50%溅射","😋[食神谱]锤子肉片：攻击力提升15%

💦[溅射]溅射受投掷增幅类卡加成

💣[灰烬]炮弹附带灰烬击杀

🤔️[附加说明]
1.子弹移速为雷神的1.33倍
2.投掷增幅类卡可增强本行的子弹和邻行溅射到本行的溅射伤害
3.没有砸中老鼠的子弹也会爆炸
4.老鼠可同时吃多路溅射",神谕之石,🚫,🚫,🚫,🚫,🚫,🚫,🚫,🚫,12,12,12,🚫,🚫,🚫,28,🚫,🚫,12,🚫,🚫,🚫,🚫,21,42,95,182,🚫,🚫,🚫,98,98,98,🚫,107,107,🚫,,,,,,,,,,,,,,,,,,
巨神·尤弥尔,card_data_index_2_1_3_2,"🟡合成材料：钢爪窃蛋龙+花椒蜥蜴投手

🟤不转：尤弥尔神使
🟤能力：向前方3行分别投掷2个威力巨大的金瓜锤

🟠三转：尤弥尔圣神
🟠能力：中路增加1发子弹

🟣四转：巨神·尤弥尔
🟣能力：侧路各增加1发子弹，灰烬效果

🔴终转：至尊巨神
🔴能力：子弹增加，溅射提高",投掷类/大型投手/A.三线投手,380,好卡😀,攻击力,攻击力,65,75,90,105,130,155,180,220,260,300,340,380,480,580,700,820,980,1300,1950,攻击间隔,攻击间隔,2.1,2.05,2,1.95,1.9,1.85,1.8,1.75,1.6,"⚔️️子弹数量：6/7/9/12
⚔️️溅射伤害：3×3范围45%/45%/45%/50%溅射","😋[食神谱]锤子肉片：攻击力提升15%

💦[溅射]溅射受投掷增幅类卡加成

💣[灰烬]炮弹附带灰烬击杀

🤔️[附加说明]
1.子弹移速为雷神的1.33倍
2.投掷增幅类卡可增强本行的子弹和邻行溅射到本行的溅射伤害
3.没有砸中老鼠的子弹也会爆炸
4.老鼠可同时吃多路溅射",神谕之石,🚫,🚫,🚫,🚫,🚫,🚫,🚫,🚫,12,12,12,🚫,🚫,🚫,28,🚫,🚫,12,🚫,🚫,🚫,🚫,21,42,95,182,🚫,🚫,🚫,98,98,98,🚫,107,107,🚫,,,,,,,,,,,,,,,,,,
至尊巨神,card_data_index_2_1_3_3,"🟡合成材料：钢爪窃蛋龙+花椒蜥蜴投手

🟤不转：尤弥尔神使
🟤能力：向前方3行分别投掷2个威力巨大的金瓜锤

🟠三转：尤弥尔圣神
🟠能力：中路增加1发子弹

🟣四转：巨神·尤弥尔
🟣能力：侧路各增加1发子弹，灰烬效果

🔴终转：至尊巨神
🔴能力：子弹增加，溅射提高",投掷类/大型投手/A.三线投手,380,好卡😀,攻击力,攻击力,65,75,90,105,130,155,180,220,260,300,340,380,480,580,700,820,980,1300,1950,攻击间隔,攻击间隔,2.1,2.05,2,1.95,1.9,1.85,1.8,1.75,1.6,"⚔️️子弹数量：6/7/9/12
⚔️️溅射伤害：3×3范围45%/45%/45%/50%溅射","😋[食神谱]锤子肉片：攻击力提升15%

💦[溅射]溅射受投掷增幅类卡加成

💣[灰烬]炮弹附带灰烬击杀

🤔️[附加说明]
1.子弹移速为雷神的1.33倍
2.投掷增幅类卡可增强本行的子弹和邻行溅射到本行的溅射伤害
3.没有砸中老鼠的子弹也会爆炸
4.老鼠可同时吃多路溅射",神谕之石,🚫,🚫,🚫,🚫,🚫,🚫,🚫,🚫,12,12,12,🚫,🚫,🚫,28,🚫,🚫,12,🚫,🚫,🚫,🚫,21,42,95,182,🚫,🚫,🚫,98,98,98,🚫,107,107,🚫,,,,,,,,,,,,,,,,,,
索尔神使,card_data_index_2_2_5_0,"🟡合成材料：强袭煮蛋器+双鱼座星宿

🟤不转：索尔神使
🟤能力：连续发出2发带有强力溅射伤害40%和减速效果的冰锤

🟠三转：索尔圣神
🟠能力：增加1发冰锤

🟣四转：雷神·索尔
🟣能力：溅射伤害提升，间隔3组投掷超级冰锤，首发即为超级冰锤

🔴终转：至尊雷神
🔴能力：每组首发的子弹变为超级冰锤，溅射再次提升",投掷类/中型投手,200,好卡😀,攻击力,攻击力,121,148,175,202,229,270,310,351,391,499,607,742,877,1026,1228,1444,1660,2160,3240,攻击间隔,攻击间隔,2.5,2.45,2.4,2.35,2.3,2.25,2.2,2.1,2,"⚔️️子弹数量：2/3/3/3
⚔️️溅射伤害：40%/40%/45%/100%","🧊[减速]子弹附带减速效果

💦[溅射]溅射可对空

😋[食神谱]复活节彩蛋：攻击力提升15%，攻速提升5%

⭐[金卡援护]攻击力最高提升120

📕[图鉴]收集5张卡片，攻速提升10%

🤔️[附加说明]
1.四转首轮攻击的首发为2倍伤害可被增幅的超级子弹，后间隔3轮发射1次[即第4n+1(n∈N)轮攻击的首发子弹]
2.终转每轮首发均为超级子弹
3.三转降攻击力加锤子数，实际输出能力往上走
4.攻击间隔是“某一轮攻击第一发子弹射出到下一轮攻击第一发子弹射出”的时间间隔，故有关“雷神三转导致攻速降低进而导致负提升”等言论均为谣言！！！",神谕之石,10,40,55,🚫,3,6,12,24,10,10,10,15,15,15,28,🚫,🚫,10,🚫,🚫,🚫,🚫,9,18,36,72,30,30,30,45,45,45,🚫,115,115,30,,,,,,,,,,,,,,,,,,
索尔圣神,card_data_index_2_2_5_1,"🟡合成材料：强袭煮蛋器+双鱼座星宿

🟤不转：索尔神使
🟤能力：连续发出2发带有强力溅射伤害40%和减速效果的冰锤

🟠三转：索尔圣神
🟠能力：增加1发冰锤

🟣四转：雷神·索尔
🟣能力：溅射伤害提升，间隔3组投掷超级冰锤，首发即为超级冰锤

🔴终转：至尊雷神
🔴能力：每组首发的子弹变为超级冰锤，溅射再次提升",投掷类/中型投手,200,好卡😀,攻击力,攻击力,90,110,130,150,170,200,230,260,290,370,450,550,650,760,910,1070,1230,1600,2400,攻击间隔,攻击间隔,2.5,2.45,2.4,2.35,2.3,2.25,2.2,2.1,2,"⚔️️子弹数量：2/3/3/3
⚔️️溅射伤害：40%/40%/45%/100%","🧊[减速]子弹附带减速效果

💦[溅射]溅射可对空

😋[食神谱]复活节彩蛋：攻击力提升15%，攻速提升5%

⭐[金卡援护]攻击力最高提升120

📕[图鉴]收集5张卡片，攻速提升10%

🤔️[附加说明]
1.四转首轮攻击的首发为2倍伤害可被增幅的超级子弹，后间隔3轮发射1次[即第4n+1(n∈N)轮攻击的首发子弹]
2.终转每轮首发均为超级子弹
3.三转降攻击力加锤子数，实际输出能力往上走
4.攻击间隔是“某一轮攻击第一发子弹射出到下一轮攻击第一发子弹射出”的时间间隔，故有关“雷神三转导致攻速降低进而导致负提升”等言论均为谣言！！！",神谕之石,10,40,55,🚫,3,6,12,24,10,10,10,15,15,15,28,🚫,🚫,10,🚫,🚫,🚫,🚫,9,18,36,72,30,30,30,45,45,45,🚫,115,115,30,,,,,,,,,,,,,,,,,,
雷神·索尔,card_data_index_2_2_5_2,"🟡合成材料：强袭煮蛋器+双鱼座星宿

🟤不转：索尔神使
🟤能力：连续发出2发带有强力溅射伤害40%和减速效果的冰锤

🟠三转：索尔圣神
🟠能力：增加1发冰锤

🟣四转：雷神·索尔
🟣能力：溅射伤害提升，间隔3组投掷超级冰锤，首发即为超级冰锤

🔴终转：至尊雷神
🔴能力：每组首发的子弹变为超级冰锤，溅射再次提升",投掷类/中型投手,200,好卡😀,攻击力,攻击力,90,110,130,150,170,200,230,260,290,370,450,550,650,760,910,1070,1230,1600,2400,攻击间隔,攻击间隔,2.5,2.45,2.4,2.35,2.3,2.25,2.2,2.1,2,"⚔️️子弹数量：2/3/3/3
⚔️️溅射伤害：40%/40%/45%/100%","🧊[减速]子弹附带减速效果

💦[溅射]溅射可对空

😋[食神谱]复活节彩蛋：攻击力提升15%，攻速提升5%

⭐[金卡援护]攻击力最高提升120

📕[图鉴]收集5张卡片，攻速提升10%

🤔️[附加说明]
1.四转首轮攻击的首发为2倍伤害可被增幅的超级子弹，后间隔3轮发射1次[即第4n+1(n∈N)轮攻击的首发子弹]
2.终转每轮首发均为超级子弹
3.三转降攻击力加锤子数，实际输出能力往上走
4.攻击间隔是“某一轮攻击第一发子弹射出到下一轮攻击第一发子弹射出”的时间间隔，故有关“雷神三转导致攻速降低进而导致负提升”等言论均为谣言！！！",神谕之石,10,40,55,🚫,3,6,12,24,10,10,10,15,15,15,28,🚫,🚫,10,🚫,🚫,🚫,🚫,9,18,36,72,30,30,30,45,45,45,🚫,115,115,30,,,,,,,,,,,,,,,,,,
至尊雷神,card_data_index_2_2_5_3,"🟡合成材料：强袭煮蛋器+双鱼座星宿

🟤不转：索尔神使
🟤能力：连续发出2发带有强力溅射伤害40%和减速效果的冰锤

🟠三转：索尔圣神
🟠能力：增加1发冰锤

🟣四转：雷神·索尔
🟣能力：溅射伤害提升，间隔3组投掷超级冰锤，首发即为超级冰锤

🔴终转：至尊雷神
🔴能力：每组首发的子弹变为超级冰锤，溅射再次提升",投掷类/中型投手,200,好卡😀,攻击力,攻击力,90,110,130,150,170,200,230,260,290,370,450,550,650,760,910,1070,1230,1600,2400,攻击间隔,攻击间隔,2.5,2.45,2.4,2.35,2.3,2.25,2.2,2.1,2,"⚔️️子弹数量：2/3/3/3
⚔️️溅射伤害：40%/40%/45%/100%","🧊[减速]子弹附带减速效果

💦[溅射]溅射可对空

😋[食神谱]复活节彩蛋：攻击力提升15%，攻速提升5%

⭐[金卡援护]攻击力最高提升120

📕[图鉴]收集5张卡片，攻速提升10%

🤔️[附加说明]
1.四转首轮攻击的首发为2倍伤害可被增幅的超级子弹，后间隔3轮发射1次[即第4n+1(n∈N)轮攻击的首发子弹]
2.终转每轮首发均为超级子弹
3.三转降攻击力加锤子数，实际输出能力往上走
4.攻击间隔是“某一轮攻击第一发子弹射出到下一轮攻击第一发子弹射出”的时间间隔，故有关“雷神三转导致攻速降低进而导致负提升”等言论均为谣言！！！",神谕之石,10,40,55,🚫,3,6,12,24,10,10,10,15,15,15,28,🚫,🚫,10,🚫,🚫,🚫,🚫,9,18,36,72,30,30,30,45,45,45,🚫,115,115,30,,,,,,,,,,,,,,,,,,
哈迪斯神使,card_data_index_3_1_4_0,"🟡合成材料：猪猪破壁机+芥末海星刺身

🟤不转：哈迪斯神使
🟤能力：向5个方向分别发射1枚直线类型子弹

🟠三转：哈迪斯圣神
🟠能力：每个方向的子弹数量增加1发

🟣四转：冥神·哈迪斯
🟣能力：子弹+1，附加减速

🔴终转：至尊冥神
🔴能力：攻击力提升，子弹穿透",海星类,225,好卡😀,攻击力、蓝子弹攻击力,"攻击力
蓝子弹","65
13","75
15","85
17","95
19","115
23","135
27","155
31","185
37","215
43","255
51","305
61","385
77","510
102","620
124","750
150","880
176","1030
206","1320
264","1980
396",攻击间隔,攻击间隔,1.3,1.25,1.2,1.15,1.1,1.05,1,0.9,0.8,"⚔️️子弹数(单方向)：1/1.2/2.2/3
⚔️️四转和终转的紫色和红色的子弹减速1秒","🍮[反弹]子弹可被反弹

🫧[无需气泡]

😋[食神谱]海星拉面：攻击力提升12%",神谕之石,🚫,🚫,🚫,🚫,🚫,🚫,🚫,🚫,2,2,2,3,3,3,28,🚫,🚫,2,🚫,🚫,🚫,🚫,🚫,🚫,🚫,🚫,🚫,🚫,🚫,🚫,🚫,🚫,🚫,102,102,🚫,,,,,,,,,,,,,,,,,,
哈迪斯圣神,card_data_index_3_1_4_1,"🟡合成材料：猪猪破壁机+芥末海星刺身

🟤不转：哈迪斯神使
🟤能力：向5个方向分别发射1枚直线类型子弹

🟠三转：哈迪斯圣神
🟠能力：每个方向的子弹数量增加1发

🟣四转：冥神·哈迪斯
🟣能力：子弹+1，附加减速

🔴终转：至尊冥神
🔴能力：攻击力提升，子弹穿透",海星类,225,好卡😀,攻击力、蓝子弹攻击力,"攻击力
蓝子弹","65
13","75
15","85
17","95
19","115
23","135
27","155
31","185
37","215
43","255
51","305
61","385
77","510
102","620
124","750
150","880
176","1030
206","1320
264","1980
396",攻击间隔,攻击间隔,1.3,1.25,1.2,1.15,1.1,1.05,1,0.9,0.8,"⚔️️子弹数(单方向)：1/1.2/2.2/3
⚔️️四转和终转的紫色和红色的子弹减速1秒","🍮[反弹]子弹可被反弹

🫧[无需气泡]

😋[食神谱]海星拉面：攻击力提升12%

🤔️[附加说明]新增的蓝色子弹伤害只有正常紫红色子弹的20%(是设定不是bug)，且不受食谱加成🤯",神谕之石,🚫,🚫,🚫,🚫,🚫,🚫,🚫,🚫,2,2,2,3,3,3,28,🚫,🚫,2,🚫,🚫,🚫,🚫,🚫,🚫,🚫,🚫,🚫,🚫,🚫,🚫,🚫,🚫,🚫,102,102,🚫,,,,,,,,,,,,,,,,,,
冥神·哈迪斯,card_data_index_3_1_4_2,"🟡合成材料：猪猪破壁机+芥末海星刺身

🟤不转：哈迪斯神使
🟤能力：向5个方向分别发射1枚直线类型子弹

🟠三转：哈迪斯圣神
🟠能力：每个方向的子弹数量增加1发

🟣四转：冥神·哈迪斯
🟣能力：子弹+1，附加减速

🔴终转：至尊冥神
🔴能力：攻击力提升，子弹穿透",海星类,225,好卡😀,攻击力、蓝子弹攻击力,"攻击力
蓝子弹","65
13","75
15","85
17","95
19","115
23","135
27","155
31","185
37","215
43","255
51","305
61","385
77","510
102","620
124","750
150","880
176","1030
206","1320
264","1980
396",攻击间隔,攻击间隔,1.3,1.25,1.2,1.15,1.1,1.05,1,0.9,0.8,"⚔️️子弹数(单方向)：1/1.2/2.2/3
⚔️️四转和终转的紫色和红色的子弹减速1秒","🧊[减速]紫色和红色的子弹减速1秒

🍮[反弹]子弹可被反弹

🫧[无需气泡]

😋[食神谱]海星拉面：攻击力提升12%

🤔️[附加说明]新增的蓝色子弹伤害只有正常紫红色子弹的20%(是设定不是bug)，且不受食谱加成🤯",神谕之石,🚫,🚫,🚫,🚫,🚫,🚫,🚫,🚫,2,2,2,3,3,3,28,🚫,🚫,2,🚫,🚫,🚫,🚫,🚫,🚫,🚫,🚫,🚫,🚫,🚫,🚫,🚫,🚫,🚫,102,102,🚫,,,,,,,,,,,,,,,,,,
至尊冥神,card_data_index_3_1_4_3,"🟡合成材料：猪猪破壁机+芥末海星刺身

🟤不转：哈迪斯神使
🟤能力：向5个方向分别发射1枚直线类型子弹

🟠三转：哈迪斯圣神
🟠能力：每个方向的子弹数量增加1发

🟣四转：冥神·哈迪斯
🟣能力：子弹+1，附加减速

🔴终转：至尊冥神
🔴能力：攻击力提升，子弹穿透",海星类,225,好卡😀,攻击力,攻击力,71,82,93,104,126,148,170,203,236,280,335,423,561,682,825,968,1133,1452,2178,攻击间隔,攻击间隔,1.3,1.25,1.2,1.15,1.1,1.05,1,0.9,0.8,"⚔️️子弹数(单方向)：1/1.2/2.2/3
⚔️️四转和终转的紫色和红色的子弹减速1秒","🧊[减速]紫色和红色的子弹减速1秒

🍮[反弹]子弹可被反弹

🪡[穿透]子弹附带穿透效果

🫧[无需气泡]

😋[食神谱]海星拉面：攻击力提升12%

🤔️[附加说明]终转冥神三发子弹伤害均正常，并且贴脸时可全部命中",神谕之石,🚫,🚫,🚫,🚫,🚫,🚫,🚫,🚫,2,2,2,3,3,3,28,🚫,🚫,2,🚫,🚫,🚫,🚫,🚫,🚫,🚫,🚫,🚫,🚫,🚫,🚫,🚫,🚫,🚫,102,102,🚫,,,,,,,,,,,,,,,,,,
里格神使,card_data_index_3_2_4_0,"🟡合成材料：宇宙星星兔+松塔爆破机

🟤不转：里格神使
🟤能力：拿起号角，向前方发射5个可穿透的音波球子弹

🟠三转：里格圣神
🟠能力：能量守恒，伤害提升

🟣四转：守护神·里格
🟣能力：同类卡片提升伤害

🔴终转：至尊守护神
🔴能力：每方向增加1发子弹",类海星类/扇形类海星,185+,好卡😀,攻击力,攻击力,84,100,116,132,150,168,210,252,294,357,420,483,693,903,1113,1323,1533,2023,3030,攻击间隔,攻击间隔,1.3,1.25,1.2,1.15,1.1,1.05,1,0.9,0.8,"⚔️️子弹数(单方向)：1/1/1/2
⚔️️子弹方向：0°、±22.5°、±45°","🪡[穿透]子弹附带穿透效果

😋[食神谱]法式焗海螺：攻击力提升15%",神谕之石,🚫,🚫,🚫,🚫,🚫,🚫,🚫,🚫,2,2,2,18,18,18,28,🚫,🚫,2,🚫,🚫,🚫,🚫,🚫,🚫,🚫,🚫,🚫,🚫,🚫,93,93,93,🚫,105,105,🚫,,,,,,,,,,,,,,,,,,
里格圣神,card_data_index_3_2_4_1,"🟡合成材料：宇宙星星兔+松塔爆破机

🟤不转：里格神使
🟤能力：拿起号角，向前方发射5个可穿透的音波球子弹

🟠三转：里格圣神
🟠能力：能量守恒，伤害提升

🟣四转：守护神·里格
🟣能力：同类卡片提升伤害

🔴终转：至尊守护神
🔴能力：每方向增加1发子弹",类海星类/扇形类海星,260,好卡😀,攻击力,攻击力,92,110,127,145,165,184,231,277,323,392,462,531,762,993,1224,1455,1686,2225,3333,攻击间隔,攻击间隔,1.3,1.25,1.2,1.15,1.1,1.05,1,0.9,0.8,"⚔️️子弹数(单方向)：1/1/1/2
⚔️️子弹方向：0°、±22.5°、±45°","🪡[穿透]子弹附带穿透效果

😋[食神谱]法式焗海螺：攻击力提升15%",神谕之石,🚫,🚫,🚫,🚫,🚫,🚫,🚫,🚫,2,2,2,18,18,18,28,🚫,🚫,2,🚫,🚫,🚫,🚫,🚫,🚫,🚫,🚫,🚫,🚫,🚫,93,93,93,🚫,105,105,🚫,,,,,,,,,,,,,,,,,,
守护神·里格,card_data_index_3_2_4_2,"🟡合成材料：宇宙星星兔+松塔爆破机

🟤不转：里格神使
🟤能力：拿起号角，向前方发射5个可穿透的音波球子弹

🟠三转：里格圣神
🟠能力：能量守恒，伤害提升

🟣四转：守护神·里格
🟣能力：同类卡片提升伤害

🔴终转：至尊守护神
🔴能力：每方向增加1发子弹",类海星类/扇形类海星,260,好卡😀,攻击力,攻击力,92,110,127,145,165,184,231,277,323,392,462,531,762,993,1224,1455,1686,2225,3333,攻击间隔,攻击间隔,1.3,1.25,1.2,1.15,1.1,1.05,1,0.9,0.8,"⚔️️子弹数(单方向)：1/1/1/2
⚔️️子弹方向：0°、±22.5°、±45°","🪡[穿透]子弹附带穿透效果

😋[食神谱]法式焗海螺：攻击力提升15%

🤔️[同类卡伤害叠加说明]
1.四(终)转最终攻击力=基础攻击力×[1+0.05×(在场四(终)转守护神数量-1)]
2.场上10只后(1.45倍)，叠加效果到达上限",神谕之石,🚫,🚫,🚫,🚫,🚫,🚫,🚫,🚫,2,2,2,18,18,18,28,🚫,🚫,2,🚫,🚫,🚫,🚫,🚫,🚫,🚫,🚫,🚫,🚫,🚫,93,93,93,🚫,105,105,🚫,,,,,,,,,,,,,,,,,,
至尊守护神,card_data_index_3_2_4_3,"🟡合成材料：宇宙星星兔+松塔爆破机

🟤不转：里格神使
🟤能力：拿起号角，向前方发射5个可穿透的音波球子弹

🟠三转：里格圣神
🟠能力：能量守恒，伤害提升

🟣四转：守护神·里格
🟣能力：同类卡片提升伤害

🔴终转：至尊守护神
🔴能力：每方向增加1发子弹",类海星类/扇形类海星,260,好卡😀,攻击力,攻击力,92,110,127,145,165,184,231,277,323,392,462,531,762,993,1224,1455,1686,2225,3333,攻击间隔,攻击间隔,1.3,1.25,1.2,1.15,1.1,1.05,1,0.9,0.8,"⚔️️子弹数(单方向)：1/1/1/2
⚔️️子弹方向：0°、±22.5°、±45°","🪡[穿透]子弹附带穿透效果

😋[食神谱]法式焗海螺：攻击力提升15%

🤔️[同类卡伤害叠加说明]
1.四(终)转最终攻击力=基础攻击力×[1+0.05×(在场四(终)转守护神数量-1)]
2.场上10只后(1.45倍)，叠加效果到达上限",神谕之石,🚫,🚫,🚫,🚫,🚫,🚫,🚫,🚫,2,2,2,18,18,18,28,🚫,🚫,2,🚫,🚫,🚫,🚫,🚫,🚫,🚫,🚫,🚫,🚫,🚫,93,93,93,🚫,105,105,🚫,,,,,,,,,,,,,,,,,,
洛基神使,card_data_index_4_1_3_0,"🟡合成材料：岩烧烤盘+金牛座星宿

🟤不转：洛基神使
🟤能力：穿过后变成高温火子弹，并且伤害能力得到飞升（冰弹无效）

🟠三转：洛基圣神
🟠能力：伤害再度大幅提升，威力增加15%

🟣四转：火神·洛基
🟣能力：被火子弹击中后，附加火焰群伤效果（单格群伤）

🔴终转：至尊火神
🔴能力：前方三格群伤（伤害为30%）",增幅类/子弹类增幅/平射增幅,175,好卡😀,增幅倍率、体力,"增幅倍率
体力","2.6
50","2.7
70","2.8
90","2.9
110","3
130","3.1
150","3.2
170","3.3
200","3.4
230","3.6
260","3.8
290","4
320","4.2
350","4.4
380","4.6
410","4.8
450","5
490","5.5
530","6
570",该防御卡不支持技能,该防御卡不支持技能,null,null,null,null,null,null,null,null,null,🔥🔥🔥,"📕[图鉴]收集12张卡片，增幅倍率提升0.1

🤔[附加说明]
1.同行多个增幅时取最大为生效数值；附上火的子弹穿过倍率更高的火盆类卡时，移除之前的过火情况并附上新的
2.穿透类卡片不享受四转火神的单格群伤以及终转火神的十字溅射效果
3.四转子弹对命中格陆、空鼠军造成100%伤害溅射
4.终转子弹额外对3*3十字范围(不含命中格)陆、空鼠军造成30%伤害溅射，多路可叠加",神谕之石,10,40,55,🚫,🚫,🚫,🚫,🚫,10,10,10,15,15,15,32,🚫,🚫,10,🚫,🚫,🚫,🚫,🚫,🚫,🚫,🚫,30,30,30,45,45,45,🚫,125,125,30,,,,,,,,,,,,,,,,,,
洛基圣神,card_data_index_4_1_3_1,"🟡合成材料：岩烧烤盘+金牛座星宿

🟤不转：洛基神使
🟤能力：穿过后变成高温火子弹，并且伤害能力得到飞升（冰弹无效）

🟠三转：洛基圣神
🟠能力：伤害再度大幅提升，威力增加15%

🟣四转：火神·洛基
🟣能力：被火子弹击中后，附加火焰群伤效果（单格群伤）

🔴终转：至尊火神
🔴能力：前方三格群伤（伤害为30%）",增幅类/子弹类增幅/平射增幅,175,好卡😀,增幅倍率、体力,"增幅倍率
体力","2.99
50","3.105
70","3.22
90","3.335
110","3.45
130","3.565
150","3.68
170","3.795
200","3.91
230","4.14
260","4.37
290","4.6
320","4.83
350","5.06
380","5.29
410","5.52
450","5.75
490","6.33
530","6.9
570",该防御卡不支持技能,该防御卡不支持技能,null,null,null,null,null,null,null,null,null,🔥🔥🔥,"📕[图鉴]收集12张卡片，增幅倍率提升0.1

🤔[附加说明]
1.同行多个增幅时取最大为生效数值；附上火的子弹穿过倍率更高的火盆类卡时，移除之前的过火情况并附上新的
2.穿透类卡片不享受四转火神的单格群伤以及终转火神的十字溅射效果
3.四转子弹对命中格陆、空鼠军造成100%伤害溅射
4.终转子弹额外对3*3十字范围(不含命中格)陆、空鼠军造成30%伤害溅射，多路可叠加",神谕之石,10,40,55,🚫,🚫,🚫,🚫,🚫,10,10,10,15,15,15,32,🚫,🚫,10,🚫,🚫,🚫,🚫,🚫,🚫,🚫,🚫,30,30,30,45,45,45,🚫,125,125,30,,,,,,,,,,,,,,,,,,
火神·洛基,card_data_index_4_1_3_2,"🟡合成材料：岩烧烤盘+金牛座星宿

🟤不转：洛基神使
🟤能力：穿过后变成高温火子弹，并且伤害能力得到飞升（冰弹无效）

🟠三转：洛基圣神
🟠能力：伤害再度大幅提升，威力增加15%

🟣四转：火神·洛基
🟣能力：被火子弹击中后，附加火焰群伤效果（单格群伤）

🔴终转：至尊火神
🔴能力：前方三格群伤（伤害为30%）",增幅类/子弹类增幅/平射增幅,175,好卡😀,增幅倍率、体力,"增幅倍率
体力","2.99
50","3.105
70","3.22
90","3.335
110","3.45
130","3.565
150","3.68
170","3.795
200","3.91
230","4.14
260","4.37
290","4.6
320","4.83
350","5.06
380","5.29
410","5.52
450","5.75
490","6.33
530","6.9
570",该防御卡不支持技能,该防御卡不支持技能,null,null,null,null,null,null,null,null,null,🔥🔥🔥,"📕[图鉴]收集12张卡片，增幅倍率提升0.1

🤔[附加说明]
1.同行多个增幅时取最大为生效数值；附上火的子弹穿过倍率更高的火盆类卡时，移除之前的过火情况并附上新的
2.穿透类卡片不享受四转火神的单格群伤以及终转火神的十字溅射效果
3.四转子弹对命中格陆、空鼠军造成100%伤害溅射
4.终转子弹额外对3*3十字范围(不含命中格)陆、空鼠军造成30%伤害溅射，多路可叠加",神谕之石,10,40,55,🚫,🚫,🚫,🚫,🚫,10,10,10,15,15,15,32,🚫,🚫,10,🚫,🚫,🚫,🚫,🚫,🚫,🚫,🚫,30,30,30,45,45,45,🚫,125,125,30,,,,,,,,,,,,,,,,,,
至尊火神,card_data_index_4_1_3_3,"🟡合成材料：岩烧烤盘+金牛座星宿

🟤不转：洛基神使
🟤能力：穿过后变成高温火子弹，并且伤害能力得到飞升（冰弹无效）

🟠三转：洛基圣神
🟠能力：伤害再度大幅提升，威力增加15%

🟣四转：火神·洛基
🟣能力：被火子弹击中后，附加火焰群伤效果（单格群伤）

🔴终转：至尊火神
🔴能力：前方三格群伤（伤害为30%）",增幅类/子弹类增幅/平射增幅,175,好卡😀,增幅倍率、体力,"增幅倍率
体力","2.99
50","3.105
70","3.22
90","3.335
110","3.45
130","3.565
150","3.68
170","3.795
200","3.91
230","4.14
260","4.37
290","4.6
320","4.83
350","5.06
380","5.29
410","5.52
450","5.75
490","6.33
530","6.9
570",该防御卡不支持技能,该防御卡不支持技能,null,null,null,null,null,null,null,null,null,🔥🔥🔥,"📕[图鉴]收集12张卡片，增幅倍率提升0.1

🤔[附加说明]
1.同行多个增幅时取最大为生效数值；附上火的子弹穿过倍率更高的火盆类卡时，移除之前的过火情况并附上新的
2.穿透类卡片不享受四转火神的单格群伤以及终转火神的十字溅射效果
3.四转子弹对命中格陆、空鼠军造成100%伤害溅射
4.终转子弹额外对3*3十字范围(不含命中格)陆、空鼠军造成30%伤害溅射，多路可叠加",神谕之石,10,40,55,🚫,🚫,🚫,🚫,🚫,10,10,10,15,15,15,32,🚫,🚫,10,🚫,🚫,🚫,🚫,🚫,🚫,🚫,🚫,30,30,30,45,45,45,🚫,125,125,30,,,,,,,,,,,,,,,,,,
欧若拉神使,card_data_index_4_1_10_0,"🟡合成材料：猪猪发射站+巧克力风车塔

🟤不转：欧若拉神使
🟤能力：使用魔法球引导胜利曙光，为本行投掷类子弹提高攻击力

🟠三转：欧若拉圣神
🟠能力：增加啃咬反伤和死亡爆炸

🟣四转：曙光女神·欧若拉
🟣能力：攻击加成大幅提升

🔴终转：至尊曙光女神
🔴能力：加成范围扩大到3行，上下2行加成20%",增幅类/子弹类增幅/投掷增幅,190,好卡😀,增幅倍率,增幅倍率,2.3,2.4,2.5,2.6,2.7,2.9,3.1,3.3,3.5,3.7,4,4.3,4.6,5,5.4,5.9,6.4,6.9,7.4,冷却时间,冷却时间,30,28,26,23,20,17,14,11,7,⚔️️三转3×3反伤+3×3十字900灰烬爆炸,"🤔️[附加说明]
1.此类卡还可增幅[大地女神&导弹蛇&生煎锅类]
2.同行多个增幅时取最大为生效数值
3.终转每个欧若拉均可为本行提供1倍加成，为侧行提供0.2倍加成（上限0.4倍），总倍率上限1.4倍",神谕之石,🚫,🚫,🚫,🚫,🚫,🚫,🚫,🚫,2,2,2,18,18,18,🚫,🚫,🚫,2,🚫,🚫,🚫,🚫,21,52,98,185,🚫,🚫,🚫,96,96,96,🚫,128,128,🚫,,,,,,,,,,,,,,,,,,
欧若拉圣神,card_data_index_4_1_10_1,"🟡合成材料：猪猪发射站+巧克力风车塔

🟤不转：欧若拉神使
🟤能力：使用魔法球引导胜利曙光，为本行投掷类子弹提高攻击力

🟠三转：欧若拉圣神
🟠能力：增加啃咬反伤和死亡爆炸

🟣四转：曙光女神·欧若拉
🟣能力：攻击加成大幅提升

🔴终转：至尊曙光女神
🔴能力：加成范围扩大到3行，上下2行加成20%",增幅类/子弹类增幅/投掷增幅,190,好卡😀,增幅倍率,增幅倍率,2.3,2.4,2.5,2.6,2.7,2.9,3.1,3.3,3.5,3.7,4,4.3,4.6,5,5.4,5.9,6.4,6.9,7.4,冷却时间,冷却时间,30,28,26,23,20,17,14,11,7,⚔️️三转3×3反伤+3×3十字900灰烬爆炸,"🤔️[附加说明]
1.此类卡还可增幅[大地女神&导弹蛇&生煎锅类]
2.同行多个增幅时取最大为生效数值
3.终转每个欧若拉均可为本行提供1倍加成，为侧行提供0.2倍加成（上限0.4倍），总倍率上限1.4倍",神谕之石,🚫,🚫,🚫,🚫,🚫,🚫,🚫,🚫,2,2,2,18,18,18,🚫,🚫,🚫,2,🚫,🚫,🚫,🚫,21,52,98,185,🚫,🚫,🚫,96,96,96,🚫,128,128,🚫,,,,,,,,,,,,,,,,,,
曙光女神·欧若拉,card_data_index_4_1_10_2,"🟡合成材料：猪猪发射站+巧克力风车塔

🟤不转：欧若拉神使
🟤能力：使用魔法球引导胜利曙光，为本行投掷类子弹提高攻击力

🟠三转：欧若拉圣神
🟠能力：增加啃咬反伤和死亡爆炸

🟣四转：曙光女神·欧若拉
🟣能力：攻击加成大幅提升

🔴终转：至尊曙光女神
🔴能力：加成范围扩大到3行，上下2行加成20%",增幅类/子弹类增幅/投掷增幅,190,好卡😀,增幅倍率,增幅倍率,2.99,3.12,3.25,3.38,3.51,3.77,4.03,4.29,4.55,4.81,5.2,5.59,5.98,6.5,7.02,7.67,8.32,8.97,9.62,冷却时间,冷却时间,30,28,26,23,20,17,14,11,7,⚔️️三转3×3反伤+3×3十字900灰烬爆炸,"🤔️[附加说明]
1.此类卡还可增幅[大地女神&导弹蛇&生煎锅类]
2.同行多个增幅时取最大为生效数值
3.终转每个欧若拉均可为本行提供1倍加成，为侧行提供0.2倍加成（上限0.4倍），总倍率上限1.4倍",神谕之石,🚫,🚫,🚫,🚫,🚫,🚫,🚫,🚫,2,2,2,18,18,18,🚫,🚫,🚫,2,🚫,🚫,🚫,🚫,21,52,98,185,🚫,🚫,🚫,96,96,96,🚫,128,128,🚫,,,,,,,,,,,,,,,,,,
至尊曙光女神,card_data_index_4_1_10_3,"🟡合成材料：猪猪发射站+巧克力风车塔

🟤不转：欧若拉神使
🟤能力：使用魔法球引导胜利曙光，为本行投掷类子弹提高攻击力

🟠三转：欧若拉圣神
🟠能力：增加啃咬反伤和死亡爆炸

🟣四转：曙光女神·欧若拉
🟣能力：攻击加成大幅提升

🔴终转：至尊曙光女神
🔴能力：加成范围扩大到3行，上下2行加成20%",增幅类/子弹类增幅/投掷增幅,190,好卡😀,增幅倍率,增幅倍率,2.99,3.12,3.25,3.38,3.51,3.77,4.03,4.29,4.55,4.81,5.2,5.59,5.98,6.5,7.02,7.67,8.32,8.97,9.62,冷却时间,冷却时间,30,28,26,23,20,17,14,11,7,⚔️️三转3×3反伤+3×3十字900灰烬爆炸,"🤔️[附加说明]
1.此类卡还可增幅[大地女神&导弹蛇&生煎锅类]
2.同行多个增幅时取最大为生效数值
3.终转每个欧若拉均可为本行提供1倍加成，为侧行提供0.2倍加成（上限0.4倍），总倍率上限1.4倍",神谕之石,🚫,🚫,🚫,🚫,🚫,🚫,🚫,🚫,2,2,2,18,18,18,🚫,🚫,🚫,2,🚫,🚫,🚫,🚫,21,52,98,185,🚫,🚫,🚫,96,96,96,🚫,128,128,🚫,,,,,,,,,,,,,,,,,,
塔利亚神使,card_data_index_4_2_3_0,"🟡合成材料：魔力香料虎+流心莓果点心

🟤不转：塔利亚神使
🟤能力：为周围陆地追踪卡片提升大幅攻击力，同类卡片效果不叠加

🟠三转：塔利亚圣神
🟠能力：攻击力提升

🟣四转：宴飨女神·塔利亚
🟣能力：冰神类卡片共享增幅

🔴终转：暂未开放
🔴能力：暂未开放",增幅类/名单类增幅/追踪增幅,260,好卡😀,增幅倍率,增幅倍率,1.5,1.5,1.6,1.6,1.8,1.9,2,2.1,2.2,2.4,2.6,2.8,3,3.3,3.6,3.9,4.2,4.7,5.5,冷却时间,冷却时间,40,37,34,31,28,25,22,19,15,⚔️️增幅范围：5×5,"📃[增幅名单]月神系、大地女神、火箭猪、导弹蛇
四转追加：天神冰神系、终转大力神、恶作剧神",神谕之石,🚫,🚫,🚫,🚫,🚫,🚫,🚫,🚫,15,15,15,🚫,🚫,🚫,🚫,🚫,🚫,12,🚫,🚫,🚫,🚫,🚫,🚫,🚫,🚫,🚫,🚫,🚫,95,95,95,🚫,🚫,🚫,🚫,,,,,,,,,,,,,,,,,,
塔利亚圣神,card_data_index_4_2_3_1,"🟡合成材料：魔力香料虎+流心莓果点心

🟤不转：塔利亚神使
🟤能力：为周围陆地追踪卡片提升大幅攻击力，同类卡片效果不叠加

🟠三转：塔利亚圣神
🟠能力：攻击力提升

🟣四转：宴飨女神·塔利亚
🟣能力：冰神类卡片共享增幅

🔴终转：暂未开放
🔴能力：暂未开放",增幅类/名单类增幅/追踪增幅,260,好卡😀,增幅倍率,增幅倍率,1.9,1.9,2,2,2.2,2.3,2.4,2.5,2.6,2.8,3,3.2,3.4,3.7,4,4.3,4.6,5.1,5.9,冷却时间,冷却时间,40,37,34,31,28,25,22,19,15,⚔️️增幅范围：5×5,"📃[增幅名单]月神系、大地女神、火箭猪、导弹蛇
四转追加：天神冰神系、终转大力神、恶作剧神",神谕之石,🚫,🚫,🚫,🚫,🚫,🚫,🚫,🚫,15,15,15,🚫,🚫,🚫,🚫,🚫,🚫,12,🚫,🚫,🚫,🚫,🚫,🚫,🚫,🚫,🚫,🚫,🚫,95,95,95,🚫,🚫,🚫,🚫,,,,,,,,,,,,,,,,,,
宴飨女神·塔利亚,card_data_index_4_2_3_2,"🟡合成材料：魔力香料虎+流心莓果点心

🟤不转：塔利亚神使
🟤能力：为周围陆地追踪卡片提升大幅攻击力，同类卡片效果不叠加

🟠三转：塔利亚圣神
🟠能力：攻击力提升

🟣四转：宴飨女神·塔利亚
🟣能力：冰神类卡片共享增幅

🔴终转：暂未开放
🔴能力：暂未开放",增幅类/名单类增幅/追踪增幅,260,好卡😀,增幅倍率,增幅倍率,1.9,1.9,2,2,2.2,2.3,2.4,2.5,2.6,2.8,3,3.2,3.4,3.7,4,4.3,4.6,5.1,5.9,冷却时间,冷却时间,40,37,34,31,28,25,22,19,15,⚔️️增幅范围：5×5,"📃[增幅名单]月神系、大地女神、火箭猪、导弹蛇
四转追加：天神冰神系、终转大力神、恶作剧神",神谕之石,🚫,🚫,🚫,🚫,🚫,🚫,🚫,🚫,15,15,15,🚫,🚫,🚫,🚫,🚫,🚫,12,🚫,🚫,🚫,🚫,🚫,🚫,🚫,🚫,🚫,🚫,🚫,95,95,95,🚫,🚫,🚫,🚫,,,,,,,,,,,,,,,,,,
弗雷神使,card_data_index_4_2_8_0,"🟡合成材料：泰斗五行蛇+杂粮大丰收

🟤不转：弗雷神使
🟤能力：可为5*5范围内5方向卡片增加攻击力，同类卡片效果不叠加

🟠三转：弗雷圣神
🟠能力：可增幅的多向类卡片增加

🟣四转：丰饶神·弗雷
🟣能力：增幅倍率提升

🔴终转：至尊丰饶神
🔴能力：同类卡片加成可以叠加2次",增幅类/名单类增幅/五向增幅,300,好卡😀,增幅倍率,增幅倍率,1.16,1.18,1.2,1.22,1.27,1.32,1.38,1.44,1.5,1.56,1.81,2.26,2.71,3.16,3.61,4.06,4.51,5,5.5,冷却时间,冷却时间,35,33,31,29,27,25,22,18,12,⚔️️增幅范围：5×5,"📃[增幅名单]炭烧海星、猪猪料理机、陀螺喵、查克拉兔、冥神、坚果爆炒机、星星兔、守护神

🤔[叠加机制说明]
1.倍率叠加就是倍率直接相加
2.可与其他卡片一同叠加",神谕之石,🚫,🚫,🚫,🚫,🚫,🚫,🚫,🚫,🚫,🚫,🚫,🚫,🚫,🚫,🚫,🚫,🚫,🚫,🚫,🚫,🚫,🚫,🚫,🚫,🚫,🚫,🚫,🚫,🚫,92,92,92,🚫,115,115,🚫,,,,,,,,,,,,,,,,,,
弗雷圣神,card_data_index_4_2_8_1,"🟡合成材料：泰斗五行蛇+杂粮大丰收

🟤不转：弗雷神使
🟤能力：可为5*5范围内5方向卡片增加攻击力，同类卡片效果不叠加

🟠三转：弗雷圣神
🟠能力：可增幅的多向类卡片增加

🟣四转：丰饶神·弗雷
🟣能力：增幅倍率提升

🔴终转：至尊丰饶神
🔴能力：同类卡片加成可以叠加2次",增幅类/名单类增幅/五向增幅,300,好卡😀,增幅倍率,增幅倍率,1.16,1.18,1.2,1.22,1.27,1.32,1.38,1.44,1.5,1.56,1.81,2.26,2.71,3.16,3.61,4.06,4.51,5,5.5,冷却时间,冷却时间,35,33,31,29,27,25,22,18,12,⚔️️增幅范围：5×5,"📃[增幅名单]炭烧海星、猪猪料理机、陀螺喵、查克拉兔、冥神、坚果爆炒机、星星兔、守护神、厨师虎、大师兔、怪味鱿鱼、烟花虎、风车龙、霰弹牛、威风虎

🤔[叠加机制说明]
1.倍率叠加就是倍率直接相加
2.可与其他卡片一同叠加",神谕之石,🚫,🚫,🚫,🚫,🚫,🚫,🚫,🚫,🚫,🚫,🚫,🚫,🚫,🚫,🚫,🚫,🚫,🚫,🚫,🚫,🚫,🚫,🚫,🚫,🚫,🚫,🚫,🚫,🚫,92,92,92,🚫,115,115,🚫,,,,,,,,,,,,,,,,,,
丰饶神·弗雷,card_data_index_4_2_8_2,"🟡合成材料：泰斗五行蛇+杂粮大丰收

🟤不转：弗雷神使
🟤能力：可为5*5范围内5方向卡片增加攻击力，同类卡片效果不叠加

🟠三转：弗雷圣神
🟠能力：可增幅的多向类卡片增加

🟣四转：丰饶神·弗雷
🟣能力：增幅倍率提升

🔴终转：至尊丰饶神
🔴能力：同类卡片加成可以叠加2次",增幅类/名单类增幅/五向增幅,300,好卡😀,增幅倍率,增幅倍率,2.16,2.18,2.2,2.22,2.27,2.32,2.38,2.44,2.5,2.56,2.81,3.26,3.71,4.16,4.61,5.06,5.51,6,6.5,冷却时间,冷却时间,35,33,31,29,27,25,22,18,12,⚔️️增幅范围：5×5,"📃[增幅名单]炭烧海星、猪猪料理机、陀螺喵、查克拉兔、冥神、坚果爆炒机、星星兔、守护神、厨师虎、大师兔、怪味鱿鱼、烟花虎、风车龙、霰弹牛、威风虎

🤔[叠加机制说明]
1.倍率叠加就是倍率直接相加
2.可与其他卡片一同叠加",神谕之石,🚫,🚫,🚫,🚫,🚫,🚫,🚫,🚫,🚫,🚫,🚫,🚫,🚫,🚫,🚫,🚫,🚫,🚫,🚫,🚫,🚫,🚫,🚫,🚫,🚫,🚫,🚫,🚫,🚫,92,92,92,🚫,115,115,🚫,,,,,,,,,,,,,,,,,,
至尊丰饶神,card_data_index_4_2_8_3,"🟡合成材料：泰斗五行蛇+杂粮大丰收

🟤不转：弗雷神使
🟤能力：可为5*5范围内5方向卡片增加攻击力，同类卡片效果不叠加

🟠三转：弗雷圣神
🟠能力：可增幅的多向类卡片增加

🟣四转：丰饶神·弗雷
🟣能力：增幅倍率提升

🔴终转：至尊丰饶神
🔴能力：同类卡片加成可以叠加2次",增幅类/名单类增幅/五向增幅,300,好卡😀,增幅倍率,增幅倍率,2.16,2.18,2.2,2.22,2.27,2.32,2.38,2.44,2.5,2.56,2.81,3.26,3.71,4.16,4.61,5.06,5.51,6,6.5,冷却时间,冷却时间,35,33,31,29,27,25,22,18,12,⚔️️增幅范围：5×5,"📃[增幅名单]炭烧海星、猪猪料理机、陀螺喵、查克拉兔、冥神、坚果爆炒机、星星兔、守护神、厨师虎、大师兔、怪味鱿鱼、烟花虎、风车龙、霰弹牛、威风虎

🤔[叠加机制说明]
1.倍率叠加就是倍率直接相加
2.可与其他卡片一同叠加",神谕之石,🚫,🚫,🚫,🚫,🚫,🚫,🚫,🚫,🚫,🚫,🚫,🚫,🚫,🚫,🚫,🚫,🚫,🚫,🚫,🚫,🚫,🚫,🚫,🚫,🚫,🚫,🚫,🚫,🚫,92,92,92,🚫,115,115,🚫,,,,,,,,,,,,,,,,,,
阿波罗神使,card_data_index_5_1_7_0,"🟡合成材料：太阳能高效炉+双子座星宿

🟤不转：阿波罗神使
🟤能力：产能效果突破极限，可同时产出6朵火苗

🟠三转：阿波罗圣神
🟠能力：增加1朵火苗

🟣四转：太阳神·阿波罗
🟣能力：增加1朵火苗并且放置卡片时立即产火

🔴终转：至尊太阳神
🔴能力：耗能减少，产能效率翻倍",产能类/主职产火/常规型,200,好卡😀,产火间隔,产火间隔,25,24,23,22,21,20,19,18,17,16,15,14,13,12,11,10,9,8,7,"火苗单值
⭐此处展示一轮总产量",火苗单值,150,156,162,168,174,180,186,192,210,"⚔️️产火朵数：6/7/8/16
⚔️️终转首次：24","⏳[冷却]50秒🤯

🚫[不支持任何秒产]

😋[食神谱]太阳饼：生产时间减少2秒，火苗产量提升25%

⭐[金卡援护]火苗单值最高提升2

📕[图鉴]收集7张卡片，冷却时间减少5秒

🤔️[真爱结晶等级说明]
产火类真爱谱加成不是计算百分比加成后取整，是直接加固定值。因此会导致产火卡的真爱谱等级卡在中间的话会非常尴尬😅
0-2⭐+1
3-5⭐+2
6-7⭐+3
8-9⭐+4
10-15⭐分别从+5到+10
16⭐+15",神谕之石,8,32,38,🚫,3,6,12,24,8,8,8,10,10,10,28,🚫,🚫,8,🚫,🚫,🚫,🚫,9,18,36,72,24,24,24,30,30,30,🚫,98,98,24,,,,,,,,,,,,,,,,,,
阿波罗圣神,card_data_index_5_1_7_1,"🟡合成材料：太阳能高效炉+双子座星宿

🟤不转：阿波罗神使
🟤能力：产能效果突破极限，可同时产出6朵火苗

🟠三转：阿波罗圣神
🟠能力：增加1朵火苗

🟣四转：太阳神·阿波罗
🟣能力：增加1朵火苗并且放置卡片时立即产火

🔴终转：至尊太阳神
🔴能力：耗能减少，产能效率翻倍",产能类/主职产火/常规型,200,好卡😀,产火间隔,产火间隔,25,24,23,22,21,20,19,18,17,16,15,14,13,12,11,10,9,8,7,"火苗单值
⭐此处展示一轮总产量",火苗单值,175,182,189,196,203,210,217,224,245,"⚔️️产火朵数：6/7/8/16
⚔️️终转首次：24","⏳[冷却]50秒🤯

🚫[不支持任何秒产]

😋[食神谱]太阳饼：生产时间减少2秒，火苗产量提升25%

⭐[金卡援护]火苗单值最高提升2

📕[图鉴]收集7张卡片，冷却时间减少5秒

🤔️[真爱结晶等级说明]
产火类真爱谱加成不是计算百分比加成后取整，是直接加固定值。因此会导致产火卡的真爱谱等级卡在中间的话会非常尴尬😅
0-2⭐+1
3-5⭐+2
6-7⭐+3
8-9⭐+4
10-15⭐分别从+5到+10
16⭐+15",神谕之石,8,32,38,🚫,3,6,12,24,8,8,8,10,10,10,28,🚫,🚫,8,🚫,🚫,🚫,🚫,9,18,36,72,24,24,24,30,30,30,🚫,98,98,24,,,,,,,,,,,,,,,,,,
太阳神·阿波罗,card_data_index_5_1_7_2,"🟡合成材料：太阳能高效炉+双子座星宿

🟤不转：阿波罗神使
🟤能力：产能效果突破极限，可同时产出6朵火苗

🟠三转：阿波罗圣神
🟠能力：增加1朵火苗

🟣四转：太阳神·阿波罗
🟣能力：增加1朵火苗并且放置卡片时立即产火

🔴终转：至尊太阳神
🔴能力：耗能减少，产能效率翻倍",产能类/主职产火/常规型,200,好卡😀,产火间隔,产火间隔,25,24,23,22,21,20,19,18,17,16,15,14,13,12,11,10,9,8,7,"火苗单值
⭐此处展示一轮总产量",火苗单值,200,208,216,224,232,240,248,256,280,"⚔️️产火朵数：6/7/8/16
⚔️️终转首次：24","⏳[冷却]50秒🤯

🔥[支持落地秒产]

🤔️[秒产附加说明]
1.分为“延迟秒产”和“落地秒产”两种类型
2.“延迟秒产”指关卡开始至卡片产火间隔后，放置卡片约2s后会立即产一次火(无生产动画)
3.“落地秒产”指不受开局时间影响，任何时间放下后都会立即产一次火

😋[食神谱]太阳饼：生产时间减少2秒，火苗产量提升25%

⭐[金卡援护]火苗单值最高提升2

📕[图鉴]收集7张卡片，冷却时间减少5秒

🤔️[真爱结晶等级说明]
产火类真爱谱加成不是计算百分比加成后取整，是直接加固定值。因此会导致产火卡的真爱谱等级卡在中间的话会非常尴尬😅
0-2⭐+1
3-5⭐+2
6-7⭐+3
8-9⭐+4
10-15⭐分别从+5到+10
16⭐+15",神谕之石,8,32,38,🚫,3,6,12,24,8,8,8,10,10,10,28,🚫,🚫,8,🚫,🚫,🚫,🚫,9,18,36,72,24,24,24,30,30,30,🚫,98,98,24,,,,,,,,,,,,,,,,,,
至尊太阳神,card_data_index_5_1_7_3,"🟡合成材料：太阳能高效炉+双子座星宿

🟤不转：阿波罗神使
🟤能力：产能效果突破极限，可同时产出6朵火苗

🟠三转：阿波罗圣神
🟠能力：增加1朵火苗

🟣四转：太阳神·阿波罗
🟣能力：增加1朵火苗并且放置卡片时立即产火

🔴终转：至尊太阳神
🔴能力：耗能减少，产能效率翻倍",产能类/主职产火/常规型,25,好卡😀,产火间隔,产火间隔,25,24,23,22,21,20,19,18,17,16,15,14,13,12,11,10,9,8,7,"火苗单值
⭐此处展示一轮总产量、首次总产量",火苗单值,"400
600","416
624","432
648","448
672","464
696","480
720","496
744","512
768","560
840","⚔️️产火朵数：6/7/8/16
⚔️️终转首次：24","⏳[冷却]50秒🤯

🔥[支持落地秒产]

🤔️[秒产附加说明]
1.分为“延迟秒产”和“落地秒产”两种类型
2.“延迟秒产”指关卡开始至卡片产火间隔后，放置卡片约2s后会立即产一次火(无生产动画)
3.“落地秒产”指不受开局时间影响，任何时间放下后都会立即产一次火

😋[食神谱]太阳饼：生产时间减少2秒，火苗产量提升25%

⭐[金卡援护]火苗单值最高提升2

📕[图鉴]收集7张卡片，冷却时间减少5秒

🤔️[真爱结晶等级说明]
产火类真爱谱加成不是计算百分比加成后取整，是直接加固定值。因此会导致产火卡的真爱谱等级卡在中间的话会非常尴尬😅
0-2⭐+1
3-5⭐+2
6-7⭐+3
8-9⭐+4
10-15⭐分别从+5到+10
16⭐+15",神谕之石,8,32,38,🚫,3,6,12,24,8,8,8,10,10,10,28,🚫,🚫,8,🚫,🚫,🚫,🚫,9,18,36,72,24,24,24,30,30,30,🚫,98,98,24,,,,,,,,,,,,,,,,,,
忒提丝神使,card_data_index_6_1_5_0,"🟡合成材料：什锦布丁汪+节能反弹布丁

🟤不转：忒提丝神使
🟤能力：改变直线子弹方向，同时附加大量攻击力，几率附加毒伤

🟠三转：忒提丝圣神
🟠能力：100%附加毒buff

🟣四转：水神·忒提丝
🟣能力：反弹伤害再次提高",反弹类,150,好卡😀,附加伤害,附加伤害,21,23,26,30,34,38,44,55,68,93,118,146,174,202,237,273,307,350,450,毒伤,毒伤,100,120,140,160,180,200,220,250,300,"⚔️️体力：200
⚔️️毒伤概率：5%/100%/100%","🤔️[毒伤说明]
1.每15对老鼠造成“毒伤”数值伤害，持续3次后消失
2.可多次作用于同一只老鼠但效果不可叠加

🤔️[附加伤害说明]
无论是先过火还是先反弹，总伤害皆为：
(子弹原攻击力+反弹附伤)×火盆倍率",神谕之石,🚫,🚫,🚫,🚫,🚫,🚫,🚫,🚫,2,2,2,3,3,3,🚫,🚫,🚫,2,🚫,🚫,🚫,🚫,🚫,🚫,🚫,🚫,🚫,🚫,🚫,🚫,🚫,🚫,🚫,🚫,🚫,🚫,,,,,,,,,,,,,,,,,,
忒提丝圣神,card_data_index_6_1_5_1,"🟡合成材料：什锦布丁汪+节能反弹布丁

🟤不转：忒提丝神使
🟤能力：改变直线子弹方向，同时附加大量攻击力，几率附加毒伤

🟠三转：忒提丝圣神
🟠能力：100%附加毒buff

🟣四转：水神·忒提丝
🟣能力：反弹伤害再次提高",反弹类,150,好卡😀,附加伤害,附加伤害,21,23,26,30,34,38,44,55,68,93,118,146,174,202,237,273,307,350,450,毒伤,毒伤,100,120,140,160,180,200,220,250,300,"⚔️️体力：200
⚔️️毒伤概率：5%/100%/100%","🤔️[毒伤说明]
1.每15对老鼠造成“毒伤”数值伤害，持续3次后消失
2.可多次作用于同一只老鼠但效果不可叠加

🤔️[附加伤害说明]
无论是先过火还是先反弹，总伤害皆为：
(子弹原攻击力+反弹附伤)×火盆倍率",神谕之石,🚫,🚫,🚫,🚫,🚫,🚫,🚫,🚫,2,2,2,3,3,3,🚫,🚫,🚫,2,🚫,🚫,🚫,🚫,🚫,🚫,🚫,🚫,🚫,🚫,🚫,🚫,🚫,🚫,🚫,🚫,🚫,🚫,,,,,,,,,,,,,,,,,,
水神·忒提丝,card_data_index_6_1_5_2,"🟡合成材料：什锦布丁汪+节能反弹布丁

🟤不转：忒提丝神使
🟤能力：改变直线子弹方向，同时附加大量攻击力，几率附加毒伤

🟠三转：忒提丝圣神
🟠能力：100%附加毒buff

🟣四转：水神·忒提丝
🟣能力：反弹伤害再次提高",反弹类,150,好卡😀,附加伤害,附加伤害,38,42,47,54,61,68,79,100,121,167,213,263,313,364,427,490,553,650,800,毒伤,毒伤,100,120,140,160,180,200,220,250,300,"⚔️️体力：200
⚔️️毒伤概率：5%/100%/100%","🤔️[毒伤说明]
1.每15对老鼠造成“毒伤”数值伤害，持续3次后消失
2.可多次作用于同一只老鼠但效果不可叠加

🤔️[附加伤害说明]
无论是先过火还是先反弹，总伤害皆为：
(子弹原攻击力+反弹附伤)×火盆倍率",神谕之石,🚫,🚫,🚫,🚫,🚫,🚫,🚫,🚫,2,2,2,3,3,3,🚫,🚫,🚫,2,🚫,🚫,🚫,🚫,🚫,🚫,🚫,🚫,🚫,🚫,🚫,🚫,🚫,🚫,🚫,🚫,🚫,🚫,,,,,,,,,,,,,,,,,,
赫丘利神使,card_data_index_7_1_4_0,"🟡合成材料：狂暴防空喵+七彩糖葫芦弹

🟤不转：赫丘利神使
🟤能力：发射2发强力子弹追踪攻击空中鼠军

🟠三转：赫丘利圣神
🟠能力：威力提升35%，定身加强

🟣四转：大力神·赫丘利
🟣能力：增加1发子弹

🔴终转：至尊大力神
🔴能力：子弹+1，可被宴飨女神加成",专业防空/纯对空类,275,好卡😀,攻击力,攻击力,210,220,230,250,280,330,380,430,480,530,590,650,710,770,840,910,980,1180,1770,攻击间隔,攻击间隔,3,2.8,2.6,2.4,2.2,2,1.8,1.6,1.2,"⚔️️子弹数量：2/2/3/4
⚔️️溅射伤害：15%/30%/30%/30%
⚔️️定身时间：4/6/6/6秒
⚔️️终转可被宴飨女神增幅、击杀灰烬","😋[食神谱]冰糖葫芦：攻击力提升15%

🤔️[附加说明]
攻击前摇0.55秒，可用于双塔100卡爆击",神谕之石,🚫,🚫,🚫,🚫,🚫,🚫,🚫,🚫,2,2,2,3,3,3,28,🚫,🚫,2,🚫,🚫,🚫,🚫,🚫,🚫,🚫,🚫,🚫,🚫,🚫,🚫,🚫,🚫,🚫,93,93,🚫,,,,,,,,,,,,,,,,,,
赫丘利圣神,card_data_index_7_1_4_1,"🟡合成材料：狂暴防空喵+七彩糖葫芦弹

🟤不转：赫丘利神使
🟤能力：发射2发强力子弹追踪攻击空中鼠军

🟠三转：赫丘利圣神
🟠能力：威力提升35%，定身加强

🟣四转：大力神·赫丘利
🟣能力：增加1发子弹

🔴终转：至尊大力神
🔴能力：子弹+1，可被宴飨女神加成",专业防空/纯对空类,275,好卡😀,攻击力,攻击力,283,297,310,337,378,445,513,580,648,715,796,877,958,1039,1134,1228,1323,1593,2389,攻击间隔,攻击间隔,3,2.8,2.6,2.4,2.2,2,1.8,1.6,1.2,"⚔️️子弹数量：2/2/3/4
⚔️️溅射伤害：15%/30%/30%/30%
⚔️️定身时间：4/6/6/6秒
⚔️️终转可被宴飨女神增幅、击杀灰烬","😋[食神谱]冰糖葫芦：攻击力提升15%

🤔️[附加说明]
攻击前摇0.55秒，可用于双塔100卡爆击",神谕之石,🚫,🚫,🚫,🚫,🚫,🚫,🚫,🚫,2,2,2,3,3,3,28,🚫,🚫,2,🚫,🚫,🚫,🚫,🚫,🚫,🚫,🚫,🚫,🚫,🚫,🚫,🚫,🚫,🚫,93,93,🚫,,,,,,,,,,,,,,,,,,
大力神·赫丘利,card_data_index_7_1_4_2,"🟡合成材料：狂暴防空喵+七彩糖葫芦弹

🟤不转：赫丘利神使
🟤能力：发射2发强力子弹追踪攻击空中鼠军

🟠三转：赫丘利圣神
🟠能力：威力提升35%，定身加强

🟣四转：大力神·赫丘利
🟣能力：增加1发子弹

🔴终转：至尊大力神
🔴能力：子弹+1，可被宴飨女神加成",专业防空/纯对空类,275,好卡😀,攻击力,攻击力,283,297,310,337,378,445,513,580,648,715,796,877,958,1039,1134,1228,1323,1593,2389,攻击间隔,攻击间隔,3,2.8,2.6,2.4,2.2,2,1.8,1.6,1.2,"⚔️️子弹数量：2/2/3/4
⚔️️溅射伤害：15%/30%/30%/30%
⚔️️定身时间：4/6/6/6秒
⚔️️终转可被宴飨女神增幅、击杀灰烬","😋[食神谱]冰糖葫芦：攻击力提升15%

🤔️[附加说明]
攻击前摇0.55秒，可用于双塔100卡爆击",神谕之石,🚫,🚫,🚫,🚫,🚫,🚫,🚫,🚫,2,2,2,3,3,3,28,🚫,🚫,2,🚫,🚫,🚫,🚫,🚫,🚫,🚫,🚫,🚫,🚫,🚫,🚫,🚫,🚫,🚫,93,93,🚫,,,,,,,,,,,,,,,,,,
至尊大力神,card_data_index_7_1_4_3,"🟡合成材料：狂暴防空喵+七彩糖葫芦弹

🟤不转：赫丘利神使
🟤能力：发射2发强力子弹追踪攻击空中鼠军

🟠三转：赫丘利圣神
🟠能力：威力提升35%，定身加强

🟣四转：大力神·赫丘利
🟣能力：增加1发子弹

🔴终转：至尊大力神
🔴能力：子弹+1，可被宴飨女神加成",专业防空/纯对空类,275,好卡😀,攻击力,攻击力,283,297,310,337,378,445,513,580,648,715,796,877,958,1039,1134,1228,1323,1593,2389,攻击间隔,攻击间隔,3,2.8,2.6,2.4,2.2,2,1.8,1.6,1.2,"⚔️️子弹数量：2/2/3/4
⚔️️溅射伤害：15%/30%/30%/30%
⚔️️定身时间：4/6/6/6秒
⚔️️终转可被宴飨女神增幅、击杀灰烬","😋[食神谱]冰糖葫芦：攻击力提升15%

🤔️[附加说明]
攻击前摇0.55秒，可用于双塔100卡爆击",神谕之石,🚫,🚫,🚫,🚫,🚫,🚫,🚫,🚫,2,2,2,3,3,3,28,🚫,🚫,2,🚫,🚫,🚫,🚫,🚫,🚫,🚫,🚫,🚫,🚫,🚫,🚫,🚫,🚫,🚫,93,93,🚫,,,,,,,,,,,,,,,,,,
埃罗斯神使,card_data_index_7_2_7_0,"🟡合成材料：机器弹簧虎+女王多拿滋

🟤不转：埃罗斯神使
🟤能力：连续发射3发带有溅射效果的子弹，先后攻击本行空、地、水陆老鼠

🟠三转：埃罗斯圣神
🟠能力：溅射伤害提升，死亡蝙蝠效果

🟣四转：恶作剧神·埃罗斯
🟣能力：增加1发子弹

🔴终转：至尊恶作剧神
🔴能力：子弹变穿透类型，溅射伤害提升",专业防空/陆空兼备类/A-对空对地均为直线，优先对空，对地不过火,275,好卡😀,攻击力,攻击力,180,200,220,240,280,320,360,400,460,520,580,680,800,940,1100,1300,1590,2210,3320,攻击间隔,攻击间隔,1.3,1.25,1.2,1.15,1.1,1.05,1,0.9,0.8,"⚔️️子弹数量：3/3/4/4
⚔️️溅射伤害：3×3范围40%/80%/80%/100%
⚔️️三转附加死亡蝙蝠效果，蝙蝠效果类似灰烬🦇","😋[食神谱]M双层堡：攻击力提升65%

🤔️[附加说明]
1.子弹可以穿过岩浆和障碍攻击老鼠
2.溅射可同时攻击到空中、陆地、地下的老鼠
3.可直接索敌&攻击地下的地鼠
4.可被四转宴飨女神增幅
5.终转穿透的同时也会产生溅射",神谕之石,🚫,🚫,🚫,🚫,🚫,🚫,🚫,🚫,12,12,12,🚫,🚫,🚫,🚫,🚫,🚫,🚫,🚫,🚫,🚫,🚫,21,42,95,182,🚫,🚫,🚫,96,96,96,🚫,128,128,🚫,,,,,,,,,,,,,,,,,,
埃罗斯圣神,card_data_index_7_2_7_1,"🟡合成材料：机器弹簧虎+女王多拿滋

🟤不转：埃罗斯神使
🟤能力：连续发射3发带有溅射效果的子弹，先后攻击本行空、地、水陆老鼠

🟠三转：埃罗斯圣神
🟠能力：溅射伤害提升，死亡蝙蝠效果

🟣四转：恶作剧神·埃罗斯
🟣能力：增加1发子弹

🔴终转：至尊恶作剧神
🔴能力：子弹变穿透类型，溅射伤害提升",专业防空/陆空兼备类/A-对空对地均为直线，优先对空，对地不过火,275,好卡😀,攻击力,攻击力,180,200,220,240,280,320,360,400,460,520,580,680,800,940,1100,1300,1590,2210,3320,攻击间隔,攻击间隔,1.3,1.25,1.2,1.15,1.1,1.05,1,0.9,0.8,"⚔️️子弹数量：3/3/4/4
⚔️️溅射伤害：3×3范围40%/80%/80%/100%
⚔️️三转附加死亡蝙蝠效果，蝙蝠效果类似灰烬🦇","😋[食神谱]M双层堡：攻击力提升65%

🤔️[附加说明]
1.子弹可以穿过岩浆和障碍攻击老鼠
2.溅射可同时攻击到空中、陆地、地下的老鼠
3.可直接索敌&攻击地下的地鼠
4.可被四转宴飨女神增幅
5.终转穿透的同时也会产生溅射",神谕之石,🚫,🚫,🚫,🚫,🚫,🚫,🚫,🚫,12,12,12,🚫,🚫,🚫,🚫,🚫,🚫,🚫,🚫,🚫,🚫,🚫,21,42,95,182,🚫,🚫,🚫,96,96,96,🚫,128,128,🚫,,,,,,,,,,,,,,,,,,
恶作剧神·埃罗斯,card_data_index_7_2_7_2,"🟡合成材料：机器弹簧虎+女王多拿滋

🟤不转：埃罗斯神使
🟤能力：连续发射3发带有溅射效果的子弹，先后攻击本行空、地、水陆老鼠

🟠三转：埃罗斯圣神
🟠能力：溅射伤害提升，死亡蝙蝠效果

🟣四转：恶作剧神·埃罗斯
🟣能力：增加1发子弹

🔴终转：至尊恶作剧神
🔴能力：子弹变穿透类型，溅射伤害提升",专业防空/陆空兼备类/A-对空对地均为直线，优先对空，对地不过火,275,好卡😀,攻击力,攻击力,180,200,220,240,280,320,360,400,460,520,580,680,800,940,1100,1300,1590,2210,3320,攻击间隔,攻击间隔,1.3,1.25,1.2,1.15,1.1,1.05,1,0.9,0.8,"⚔️️子弹数量：3/3/4/4
⚔️️溅射伤害：3×3范围40%/80%/80%/100%
⚔️️三转附加死亡蝙蝠效果，蝙蝠效果类似灰烬🦇","😋[食神谱]M双层堡：攻击力提升65%

🤔️[附加说明]
1.子弹可以穿过岩浆和障碍攻击老鼠
2.溅射可同时攻击到空中、陆地、地下的老鼠
3.可直接索敌&攻击地下的地鼠
4.可被四转宴飨女神增幅
5.终转穿透的同时也会产生溅射",神谕之石,🚫,🚫,🚫,🚫,🚫,🚫,🚫,🚫,12,12,12,🚫,🚫,🚫,🚫,🚫,🚫,🚫,🚫,🚫,🚫,🚫,21,42,95,182,🚫,🚫,🚫,96,96,96,🚫,128,128,🚫,,,,,,,,,,,,,,,,,,
至尊恶作剧神,card_data_index_7_2_7_3,"🟡合成材料：机器弹簧虎+女王多拿滋

🟤不转：埃罗斯神使
🟤能力：连续发射3发带有溅射效果的子弹，先后攻击本行空、地、水陆老鼠

🟠三转：埃罗斯圣神
🟠能力：溅射伤害提升，死亡蝙蝠效果

🟣四转：恶作剧神·埃罗斯
🟣能力：增加1发子弹

🔴终转：至尊恶作剧神
🔴能力：子弹变穿透类型，溅射伤害提升",专业防空/陆空兼备类/A-对空对地均为直线，优先对空，对地不过火,275,好卡😀,攻击力,攻击力,180,200,220,240,280,320,360,400,460,520,580,680,800,940,1100,1300,1590,2210,3320,攻击间隔,攻击间隔,1.3,1.25,1.2,1.15,1.1,1.05,1,0.9,0.8,"⚔️️子弹数量：3/3/4/4
⚔️️溅射伤害：3×3范围40%/80%/80%/100%
⚔️️三转附加死亡蝙蝠效果，蝙蝠效果类似灰烬🦇","🪡[穿透]子弹附带穿透效果

😋[食神谱]M双层堡：攻击力提升65%

🤔️[附加说明]
1.子弹可以穿过岩浆和障碍攻击老鼠
2.溅射可同时攻击到空中、陆地、地下的老鼠
3.可直接索敌&攻击地下的地鼠
4.可被四转宴飨女神增幅
5.终转穿透的同时也会产生溅射",神谕之石,🚫,🚫,🚫,🚫,🚫,🚫,🚫,🚫,12,12,12,🚫,🚫,🚫,🚫,🚫,🚫,🚫,🚫,🚫,🚫,🚫,21,42,95,182,🚫,🚫,🚫,96,96,96,🚫,128,128,🚫,,,,,,,,,,,,,,,,,,
赫斯提亚神使,card_data_index_8_1_4_0,"🟡合成材料：岩浆烈焰龙+海鲜肥牛锅

🟤不转：赫斯提亚神使
🟤能力：施展火焰术，向前方3行释放神圣穿透型火焰，灼烧沿途鼠军

🟠三转：赫斯提亚圣神
🟠能力：伤害大幅度提升,几率眩晕,灰烬效果

🟣四转：圣火女神·赫斯提亚
🟣能力：可伤害老鼠类型增加空中和地下

🔴终转：至尊圣火女神
🔴能力：同类卡片可提升伤害，几率产生暴烈一击",咖啡喷壶类,320,好卡😀,攻击力,攻击力,80,90,100,120,140,160,180,200,250,300,400,550,700,850,1050,1250,1500,2250,3380,攻击间隔,攻击间隔,1.3,1.25,1.2,1.15,1.1,1.05,1,0.9,0.8,"⚔️️攻击范围：3行
⚔️️三转击杀灰烬，20%眩晕2秒
⚔️️四转增加空中和地下","🤔️[附加说明]
1.可以攻击到幽灵鼠和非主流鼠，无法攻击到蛤蜊鼠
2.终转攻击力=基础攻击力×[1+0.08×(场上任意形态圣火女神数量-1)]在场8只后到达上限1.5倍，且20%概率造成2倍伤害",神谕之石,🚫,🚫,🚫,🚫,🚫,🚫,🚫,🚫,🚫,🚫,🚫,🚫,🚫,🚫,🚫,🚫,🚫,🚫,🚫,🚫,🚫,🚫,🚫,🚫,🚫,🚫,🚫,🚫,🚫,🚫,🚫,🚫,🚫,109,109,🚫,,,,,,,,,,,,,,,,,,
赫斯提亚圣神,card_data_index_8_1_4_1,"🟡合成材料：岩浆烈焰龙+海鲜肥牛锅

🟤不转：赫斯提亚神使
🟤能力：施展火焰术，向前方3行释放神圣穿透型火焰，灼烧沿途鼠军

🟠三转：赫斯提亚圣神
🟠能力：伤害大幅度提升,几率眩晕,灰烬效果

🟣四转：圣火女神·赫斯提亚
🟣能力：可伤害老鼠类型增加空中和地下

🔴终转：至尊圣火女神
🔴能力：同类卡片可提升伤害，几率产生暴烈一击",咖啡喷壶类,320,好卡😀,攻击力,攻击力,128,144,160,192,224,256,288,320,400,480,640,880,1120,1360,1680,2000,2400,3600,5408,攻击间隔,攻击间隔,1.3,1.25,1.2,1.15,1.1,1.05,1,0.9,0.8,"⚔️️攻击范围：3行
⚔️️三转击杀灰烬，20%眩晕2秒
⚔️️四转增加空中和地下","🤔️[附加说明]
1.可以攻击到幽灵鼠和非主流鼠，无法攻击到蛤蜊鼠
2.终转攻击力=基础攻击力×[1+0.08×(场上任意形态圣火女神数量-1)]在场8只后到达上限1.5倍，且20%概率造成2倍伤害",神谕之石,🚫,🚫,🚫,🚫,🚫,🚫,🚫,🚫,🚫,🚫,🚫,🚫,🚫,🚫,🚫,🚫,🚫,🚫,🚫,🚫,🚫,🚫,🚫,🚫,🚫,🚫,🚫,🚫,🚫,🚫,🚫,🚫,🚫,109,109,🚫,,,,,,,,,,,,,,,,,,
圣火女神·赫斯提亚,card_data_index_8_1_4_2,"🟡合成材料：岩浆烈焰龙+海鲜肥牛锅

🟤不转：赫斯提亚神使
🟤能力：施展火焰术，向前方3行释放神圣穿透型火焰，灼烧沿途鼠军

🟠三转：赫斯提亚圣神
🟠能力：伤害大幅度提升,几率眩晕,灰烬效果

🟣四转：圣火女神·赫斯提亚
🟣能力：可伤害老鼠类型增加空中和地下

🔴终转：至尊圣火女神
🔴能力：同类卡片可提升伤害，几率产生暴烈一击",咖啡喷壶类,320,好卡😀,攻击力,攻击力,128,144,160,192,224,256,288,320,400,480,640,880,1120,1360,1680,2000,2400,3600,5408,攻击间隔,攻击间隔,1.3,1.25,1.2,1.15,1.1,1.05,1,0.9,0.8,"⚔️️攻击范围：3行
⚔️️三转击杀灰烬，20%眩晕2秒
⚔️️四转增加空中和地下","🤔️[附加说明]
1.可以攻击到幽灵鼠和非主流鼠，无法攻击到蛤蜊鼠
2.终转攻击力=基础攻击力×[1+0.08×(场上任意形态圣火女神数量-1)]在场8只后到达上限1.5倍，且20%概率造成2倍伤害",神谕之石,🚫,🚫,🚫,🚫,🚫,🚫,🚫,🚫,🚫,🚫,🚫,🚫,🚫,🚫,🚫,🚫,🚫,🚫,🚫,🚫,🚫,🚫,🚫,🚫,🚫,🚫,🚫,🚫,🚫,🚫,🚫,🚫,🚫,109,109,🚫,,,,,,,,,,,,,,,,,,
至尊圣火女神,card_data_index_8_1_4_3,"🟡合成材料：岩浆烈焰龙+海鲜肥牛锅

🟤不转：赫斯提亚神使
🟤能力：施展火焰术，向前方3行释放神圣穿透型火焰，灼烧沿途鼠军

🟠三转：赫斯提亚圣神
🟠能力：伤害大幅度提升,几率眩晕,灰烬效果

🟣四转：圣火女神·赫斯提亚
🟣能力：可伤害老鼠类型增加空中和地下

🔴终转：至尊圣火女神
🔴能力：同类卡片可提升伤害，几率产生暴烈一击",咖啡喷壶类,320,好卡😀,攻击力,攻击力,128,144,160,192,224,256,288,320,400,480,640,880,1120,1360,1680,2000,2400,3600,5408,攻击间隔,攻击间隔,1.3,1.25,1.2,1.15,1.1,1.05,1,0.9,0.8,"⚔️️攻击范围：3行
⚔️️三转击杀灰烬，20%眩晕2秒
⚔️️四转增加空中和地下","🤔️[附加说明]
1.可以攻击到幽灵鼠和非主流鼠，无法攻击到蛤蜊鼠
2.终转攻击力=基础攻击力×[1+0.08×(场上任意形态圣火女神数量-1)]在场8只后到达上限1.5倍，且20%概率造成2倍伤害",神谕之石,🚫,🚫,🚫,🚫,🚫,🚫,🚫,🚫,🚫,🚫,🚫,🚫,🚫,🚫,🚫,🚫,🚫,🚫,🚫,🚫,🚫,🚫,🚫,🚫,🚫,🚫,🚫,🚫,🚫,🚫,🚫,🚫,🚫,109,109,🚫,,,,,,,,,,,,,,,,,,
波塞冬神使,card_data_index_8_2_3_0,"🟡合成材料：原子咖啡壶+狮子座星宿

🟤不转：波塞冬神使
🟤能力：连续向周围5*5格发出2发水波攻击，范围伤害能力高度提升

🟠三转：波塞冬圣神
🟠能力：攻击伤害提升25%并附加减速效果

🟣四转：海神·波塞冬
🟣能力：增加1发水波攻击

🔴终转：至尊海神
🔴能力：威力和范围再次提升，附加泡沫效果",旋转喷壶类,275,好卡😀,"攻击力
⭐特别提示：数据均为卡片一轮攻击所造成的总伤害，无需考虑旋转圈数问题",攻击力,80,88,96,104,112,120,128,140,160,180,220,260,340,360,400,440,480,640,960,攻击间隔,攻击间隔,1.8,1.75,1.7,1.65,1.6,1.55,1.5,1.45,1.4,"⚔️️攻击范围：5×5/5×5/5×5/7×5
⚔️️三转和四转减速10秒
⚔️️终转泡沫特效","🫧[无需气泡]

⏳[冷却]35秒

📕[图鉴]收集6张卡片，冷却时间减少5秒

⭐[金卡援护]攻击力最高提升15

🤔️[附加说明]
数据上所说的单轮攻击，实际效果为：每波攻击造成相当于攻击力0.5x倍伤害(x为游戏描述或者表现的攻击波数)",神谕之石,8,32,38,🚫,3,6,12,24,8,8,8,10,10,10,28,🚫,🚫,8,🚫,🚫,🚫,🚫,9,18,36,72,24,24,24,30,30,30,🚫,95,95,24,,,,,,,,,,,,,,,,,,
波塞冬圣神,card_data_index_8_2_3_1,"🟡合成材料：原子咖啡壶+狮子座星宿

🟤不转：波塞冬神使
🟤能力：连续向周围5*5格发出2发水波攻击，范围伤害能力高度提升

🟠三转：波塞冬圣神
🟠能力：攻击伤害提升25%并附加减速效果

🟣四转：海神·波塞冬
🟣能力：增加1发水波攻击

🔴终转：至尊海神
🔴能力：威力和范围再次提升，附加泡沫效果",旋转喷壶类,275,好卡😀,"攻击力
⭐特别提示：数据均为卡片一轮攻击所造成的总伤害，无需考虑旋转圈数问题",攻击力,100,110,120,130,140,150,160,175,200,225,275,325,425,450,500,550,600,800,1200,攻击间隔,攻击间隔,1.8,1.75,1.7,1.65,1.6,1.55,1.5,1.45,1.4,"⚔️️攻击范围：5×5/5×5/5×5/7×5
⚔️️三转和四转减速10秒
⚔️️终转泡沫特效","🫧[无需气泡]

🧊[减速]减速10秒🤯

⏳[冷却]35秒

📕[图鉴]收集6张卡片，冷却时间减少5秒

⭐[金卡援护]攻击力最高提升15

🤔️[附加说明]
数据上所说的单轮攻击，实际效果为：每波攻击造成相当于攻击力0.5x倍伤害(x为游戏描述或者表现的攻击波数)",神谕之石,8,32,38,🚫,3,6,12,24,8,8,8,10,10,10,28,🚫,🚫,8,🚫,🚫,🚫,🚫,9,18,36,72,24,24,24,30,30,30,🚫,95,95,24,,,,,,,,,,,,,,,,,,
海神·波塞冬,card_data_index_8_2_3_2,"🟡合成材料：原子咖啡壶+狮子座星宿

🟤不转：波塞冬神使
🟤能力：连续向周围5*5格发出2发水波攻击，范围伤害能力高度提升

🟠三转：波塞冬圣神
🟠能力：攻击伤害提升25%并附加减速效果

🟣四转：海神·波塞冬
🟣能力：增加1发水波攻击

🔴终转：至尊海神
🔴能力：威力和范围再次提升，附加泡沫效果",旋转喷壶类,275,好卡😀,"攻击力
⭐特别提示：数据均为卡片一轮攻击所造成的总伤害，无需考虑旋转圈数问题",攻击力,150,165,180,195,210,225,240,262,300,337,412,487,637,675,750,825,900,1200,1800,攻击间隔,攻击间隔,1.8,1.75,1.7,1.65,1.6,1.55,1.5,1.45,1.4,"⚔️️攻击范围：5×5/5×5/5×5/7×5
⚔️️三转和四转减速10秒
⚔️️终转泡沫特效","🫧[无需气泡]

🧊[减速]减速10秒🤯

⏳[冷却]35秒

📕[图鉴]收集6张卡片，冷却时间减少5秒

⭐[金卡援护]攻击力最高提升15

🤔️[附加说明]
数据上所说的单轮攻击，实际效果为：每波攻击造成相当于攻击力0.5x倍伤害(x为游戏描述或者表现的攻击波数)",神谕之石,8,32,38,🚫,3,6,12,24,8,8,8,10,10,10,28,🚫,🚫,8,🚫,🚫,🚫,🚫,9,18,36,72,24,24,24,30,30,30,🚫,95,95,24,,,,,,,,,,,,,,,,,,
至尊海神,card_data_index_8_2_3_3,"🟡合成材料：原子咖啡壶+狮子座星宿

🟤不转：波塞冬神使
🟤能力：连续向周围5*5格发出2发水波攻击，范围伤害能力高度提升

🟠三转：波塞冬圣神
🟠能力：攻击伤害提升25%并附加减速效果

🟣四转：海神·波塞冬
🟣能力：增加1发水波攻击

🔴终转：至尊海神
🔴能力：威力和范围再次提升，附加泡沫效果",旋转喷壶类,275,好卡😀,"攻击力
⭐特别提示：数据均为卡片一轮攻击所造成的总伤害，无需考虑旋转圈数问题",攻击力,277,305,333,360,388,416,444,485,555,624,763,901,1179,1248,1387,1526,1665,2220,3330,攻击间隔,攻击间隔,1.8,1.75,1.7,1.65,1.6,1.55,1.5,1.45,1.4,"⚔️️攻击范围：5×5/5×5/5×5/7×5
⚔️️三转和四转减速10秒
⚔️️终转泡沫特效","🫧[无需气泡]

⏳[冷却]35秒

📕[图鉴]收集6张卡片，冷却时间减少5秒

⭐[金卡援护]攻击力最高提升15

🤔️[附加说明]
数据上所说的单轮攻击，实际效果为：每波攻击造成相当于攻击力0.5x倍伤害(x为游戏描述或者表现的攻击波数)",神谕之石,8,32,38,🚫,3,6,12,24,8,8,8,10,10,10,28,🚫,🚫,8,🚫,🚫,🚫,🚫,9,18,36,72,24,24,24,30,30,30,🚫,95,95,24,,,,,,,,,,,,,,,,,,
狄安娜神使,card_data_index_9_1_4_0,"🟡合成材料：火影章鱼烧+巨蟹座星宿

🟤不转：狄安娜神使
🟤能力：连续发射6发全屏追踪型攻击的子弹，海陆空兼顾

🟠三转：狄安娜圣神
🟠能力：增加1发子弹

🟣四转：月神·狄安娜
🟣能力：每组首发的子弹变身超级子弹，并附加3*3范围的群伤效果

🔴终转：至尊月神
🔴能力：同类卡片可提升伤害","追踪类/飞镖追踪
🤔️补充说明：全屏索敌单个目标，造成单体伤害，可对空，飞镖会被岩浆阻挡",225,好卡😀,攻击力,攻击力,20,22,25,27,30,32,34,39,46,56,74,92,110,128,150,168,186,262,395,攻击间隔,攻击间隔,3.5,3.45,3.4,3.35,3.3,3.25,3.2,3.1,3,⚔️️子弹数量：6/7/7/7,"⏳[冷却]30秒，开启食谱后冷却10秒😮

😋[食神谱]铁板鱿鱼：冷却时间减少20秒，攻速提升5%

📕[图鉴]收集6张卡片，攻击力提升10%

⭐[金卡援护]攻击力最高提升10

🤔️[终转叠加说明]
最终攻击力=基础攻击力×[1+0.05×(在场终转月神数量-1)]，场上10只后(1.45倍)，叠加效果到达上限

🤔️[附加说明]
1.超级子弹对本体造成2倍伤害,对3×3范围(含命中单位)内造成普通子弹的75%伤害溅射
2.子弹本体&溅射伤害均可以吃到各种增幅",神谕之石,10,40,55,🚫,3,6,12,24,10,10,10,15,15,15,28,🚫,🚫,10,🚫,🚫,🚫,🚫,9,18,36,72,30,30,30,45,45,45,🚫,100,100,30,,,,,,,,,,,,,,,,,,
狄安娜圣神,card_data_index_9_1_4_1,"🟡合成材料：火影章鱼烧+巨蟹座星宿

🟤不转：狄安娜神使
🟤能力：连续发射6发全屏追踪型攻击的子弹，海陆空兼顾

🟠三转：狄安娜圣神
🟠能力：增加1发子弹

🟣四转：月神·狄安娜
🟣能力：每组首发的子弹变身超级子弹，并附加3*3范围的群伤效果

🔴终转：至尊月神
🔴能力：同类卡片可提升伤害","追踪类/飞镖追踪
🤔️补充说明：全屏索敌单个目标，造成单体伤害，可对空，飞镖会被岩浆阻挡",225,好卡😀,攻击力,攻击力,20,22,25,27,30,32,34,39,46,56,74,92,110,128,150,168,186,262,395,攻击间隔,攻击间隔,3.5,3.45,3.4,3.35,3.3,3.25,3.2,3.1,3,⚔️️子弹数量：6/7/7/7,"⏳[冷却]30秒，开启食谱后冷却10秒😮

😋[食神谱]铁板鱿鱼：冷却时间减少20秒，攻速提升5%

📕[图鉴]收集6张卡片，攻击力提升10%

⭐[金卡援护]攻击力最高提升10

🤔️[终转叠加说明]
最终攻击力=基础攻击力×[1+0.05×(在场终转月神数量-1)]，场上10只后(1.45倍)，叠加效果到达上限

🤔️[附加说明]
1.超级子弹对本体造成2倍伤害,对3×3范围(含命中单位)内造成普通子弹的75%伤害溅射
2.子弹本体&溅射伤害均可以吃到各种增幅",神谕之石,10,40,55,🚫,3,6,12,24,10,10,10,15,15,15,28,🚫,🚫,10,🚫,🚫,🚫,🚫,9,18,36,72,30,30,30,45,45,45,🚫,100,100,30,,,,,,,,,,,,,,,,,,
月神·狄安娜,card_data_index_9_1_4_2,"🟡合成材料：火影章鱼烧+巨蟹座星宿

🟤不转：狄安娜神使
🟤能力：连续发射6发全屏追踪型攻击的子弹，海陆空兼顾

🟠三转：狄安娜圣神
🟠能力：增加1发子弹

🟣四转：月神·狄安娜
🟣能力：每组首发的子弹变身超级子弹，并附加3*3范围的群伤效果

🔴终转：至尊月神
🔴能力：同类卡片可提升伤害","追踪类/飞镖追踪
🤔️补充说明：全屏索敌单个目标，造成单体伤害，可对空，飞镖会被岩浆阻挡",225,好卡😀,攻击力,攻击力,20,22,25,27,30,32,34,39,46,56,74,92,110,128,150,168,186,262,395,攻击间隔,攻击间隔,3.5,3.45,3.4,3.35,3.3,3.25,3.2,3.1,3,⚔️️子弹数量：6/7/7/7,"⏳[冷却]30秒，开启食谱后冷却10秒😮

😋[食神谱]铁板鱿鱼：冷却时间减少20秒，攻速提升5%

📕[图鉴]收集6张卡片，攻击力提升10%

⭐[金卡援护]攻击力最高提升10

🤔️[终转叠加说明]
最终攻击力=基础攻击力×[1+0.05×(在场终转月神数量-1)]，场上10只后(1.45倍)，叠加效果到达上限

🤔️[附加说明]
1.超级子弹对本体造成2倍伤害,对3×3范围(含命中单位)内造成普通子弹的75%伤害溅射
2.子弹本体&溅射伤害均可以吃到各种增幅",神谕之石,10,40,55,🚫,3,6,12,24,10,10,10,15,15,15,28,🚫,🚫,10,🚫,🚫,🚫,🚫,9,18,36,72,30,30,30,45,45,45,🚫,100,100,30,,,,,,,,,,,,,,,,,,
至尊月神,card_data_index_9_1_4_3,"🟡合成材料：火影章鱼烧+巨蟹座星宿

🟤不转：狄安娜神使
🟤能力：连续发射6发全屏追踪型攻击的子弹，海陆空兼顾

🟠三转：狄安娜圣神
🟠能力：增加1发子弹

🟣四转：月神·狄安娜
🟣能力：每组首发的子弹变身超级子弹，并附加3*3范围的群伤效果

🔴终转：至尊月神
🔴能力：同类卡片可提升伤害","追踪类/飞镖追踪
🤔️补充说明：全屏索敌单个目标，造成单体伤害，可对空，飞镖会被岩浆阻挡",225,好卡😀,攻击力,攻击力,20,22,25,27,30,32,34,39,46,56,74,92,110,128,150,168,186,262,395,攻击间隔,攻击间隔,3.5,3.45,3.4,3.35,3.3,3.25,3.2,3.1,3,⚔️️子弹数量：6/7/7/7,"⏳[冷却]30秒，开启食谱后冷却10秒😮

😋[食神谱]铁板鱿鱼：冷却时间减少20秒，攻速提升5%

📕[图鉴]收集6张卡片，攻击力提升10%

⭐[金卡援护]攻击力最高提升10

🤔️[终转叠加说明]
最终攻击力=基础攻击力×[1+0.05×(在场终转月神数量-1)]，场上10只后(1.45倍)，叠加效果到达上限

🤔️[附加说明]
1.超级子弹对本体造成2倍伤害,对3×3范围(含命中单位)内造成普通子弹的75%伤害溅射
2.子弹本体&溅射伤害均可以吃到各种增幅",神谕之石,10,40,55,🚫,3,6,12,24,10,10,10,15,15,15,28,🚫,🚫,10,🚫,🚫,🚫,🚫,9,18,36,72,30,30,30,45,45,45,🚫,100,100,30,,,,,,,,,,,,,,,,,,
宙斯神使,card_data_index_9_2_4_0,"🟡合成材料：无

🟤不转：宙斯神使
🟤能力：全屏跟踪闪电攻击，强力范围伤害

🟠三转：宙斯圣神
🟠能力：攻击力提升20%，击中的老鼠被定身

🟣四转：天神·宙斯
🟣能力：增加一发弱离子闪电

🔴终转：至尊天神
🔴能力：闪电子弹+3，能力加强","追踪类/群轰追踪
🤔️补充说明：全屏索敌单个目标造成3*3群体伤害，可对空",225,好卡😀,攻击力,攻击力,120,140,160,180,200,220,240,260,280,300,350,400,450,550,750,950,1250,1600,2150,攻击间隔,攻击间隔,6,5.8,5.6,5.4,5.2,5,4.8,4.5,3.5,"⚔️️子弹数量：2/2/2.3/5
⚔️️范围：3×3/3×3/3×3/5×5
⚔️️一转后定身2秒","⏳[冷却]20秒🤯

😋[食神谱]幻露流光：攻击力提升80%，冷却时间减少13秒😮

📕[图鉴]收集20张卡片，攻击力提升5%

🤔️[附加说明]
1.食谱需要20张食谱券(两期)兑换
2.四转增加一发30%伤害的弱离子闪电
3.终转子可索敌&攻击地鼠且附带击杀灰烬效果并移除弱离子闪电",神谕之石,6,24,48,🚫,3,6,12,24,6,6,6,8,8,8,15,15,15,🚫,🚫,🚫,🚫,🚫,9,18,36,72,🚫,🚫,🚫,🚫,🚫,🚫,🚫,🚫,🚫,🚫,,,,,,,,,,,,,,,,,,
宙斯圣神,card_data_index_9_2_4_1,"🟡合成材料：无

🟤不转：宙斯神使
🟤能力：全屏跟踪闪电攻击，强力范围伤害

🟠三转：宙斯圣神
🟠能力：攻击力提升20%，击中的老鼠被定身

🟣四转：天神·宙斯
🟣能力：增加一发弱离子闪电

🔴终转：至尊天神
🔴能力：闪电子弹+3，能力加强","追踪类/群轰追踪
🤔️补充说明：全屏索敌单个目标造成3*3群体伤害，可对空",225,好卡😀,攻击力,攻击力,144,168,192,216,240,264,288,312,336,360,420,480,540,660,900,1140,1500,1920,2580,攻击间隔,攻击间隔,6,5.8,5.6,5.4,5.2,5,4.8,4.5,3.5,"⚔️️子弹数量：2/2/2.3/5
⚔️️范围：3×3/3×3/3×3/5×5
⚔️️一转后定身2秒","⏳[冷却]20秒🤯

🎯[定身]定身2秒

😋[食神谱]幻露流光：攻击力提升80%，冷却时间减少13秒😮

📕[图鉴]收集20张卡片，攻击力提升5%

🤔️[附加说明]
1.食谱需要20张食谱券(两期)兑换
2.四转增加一发30%伤害的弱离子闪电
3.终转子可索敌&攻击地鼠且附带击杀灰烬效果并移除弱离子闪电",神谕之石,6,24,48,🚫,3,6,12,24,6,6,6,8,8,8,15,15,15,🚫,🚫,🚫,🚫,🚫,9,18,36,72,🚫,🚫,🚫,🚫,🚫,🚫,🚫,🚫,🚫,🚫,,,,,,,,,,,,,,,,,,
天神·宙斯,card_data_index_9_2_4_2,"🟡合成材料：无

🟤不转：宙斯神使
🟤能力：全屏跟踪闪电攻击，强力范围伤害

🟠三转：宙斯圣神
🟠能力：攻击力提升20%，击中的老鼠被定身

🟣四转：天神·宙斯
🟣能力：增加一发弱离子闪电

🔴终转：至尊天神
🔴能力：闪电子弹+3，能力加强","追踪类/群轰追踪
🤔️补充说明：全屏索敌单个目标造成3*3群体伤害，可对空",225,好卡😀,攻击力(正常闪电、弱离子闪电),"正常闪电
弱离子闪电","144
43","168
50","192
57","216
64","240
72","264
79","288
86","312
93","336
100","360
108","420
126","480
144","540
162","660
198","900
270","1140
342","1500
450","1920
576","2580
744",攻击间隔,攻击间隔,6,5.8,5.6,5.4,5.2,5,4.8,4.5,3.5,"⚔️️子弹数量：2/2/2.3/5
⚔️️范围：3×3/3×3/3×3/5×5
⚔️️一转后定身2秒","⏳[冷却]20秒🤯

🎯[定身]定身2秒

😋[食神谱]幻露流光：攻击力提升80%，冷却时间减少13秒😮

📕[图鉴]收集20张卡片，攻击力提升5%

🤔️[附加说明]
1.食谱需要20张食谱券(两期)兑换
2.四转增加一发30%伤害的弱离子闪电
3.终转子可索敌&攻击地鼠且附带击杀灰烬效果并移除弱离子闪电",神谕之石,6,24,48,🚫,3,6,12,24,6,6,6,8,8,8,15,15,15,🚫,🚫,🚫,🚫,🚫,9,18,36,72,🚫,🚫,🚫,🚫,🚫,🚫,🚫,🚫,🚫,🚫,,,,,,,,,,,,,,,,,,
至尊天神,card_data_index_9_2_4_3,"🟡合成材料：无

🟤不转：宙斯神使
🟤能力：全屏跟踪闪电攻击，强力范围伤害

🟠三转：宙斯圣神
🟠能力：攻击力提升20%，击中的老鼠被定身

🟣四转：天神·宙斯
🟣能力：增加一发弱离子闪电

🔴终转：至尊天神
🔴能力：闪电子弹+3，能力加强","追踪类/群轰追踪
🤔️补充说明：全屏索敌单个目标造成3*3群体伤害，可对空",225,好卡😀,攻击力,攻击力,144,168,192,216,240,264,288,312,336,360,420,480,540,660,900,1140,1500,1920,2580,攻击间隔,攻击间隔,6,5.8,5.6,5.4,5.2,5,4.8,4.5,3.5,"⚔️️子弹数量：2/2/2.3/5
⚔️️范围：3×3/3×3/3×3/5×5
⚔️️一转后定身2秒","⏳[冷却]20秒🤯

🎯[定身]定身2秒

😋[食神谱]幻露流光：攻击力提升80%，冷却时间减少13秒😮

📕[图鉴]收集20张卡片，攻击力提升5%

🤔️[附加说明]
1.食谱需要20张食谱券(两期)兑换
2.四转增加一发30%伤害的弱离子闪电
3.终转子可索敌&攻击地鼠且附带击杀灰烬效果并移除弱离子闪电",神谕之石,6,24,48,🚫,3,6,12,24,6,6,6,8,8,8,15,15,15,🚫,🚫,🚫,🚫,🚫,9,18,36,72,🚫,🚫,🚫,🚫,🚫,🚫,🚫,🚫,🚫,🚫,,,,,,,,,,,,,,,,,,
典伊神使,card_data_index_9_3_4_0,"🟡合成材料：无

🟤不转：典伊神使
🟤能力：召唤冰晶，攻击全屏8个敌人

🟠三转：典伊圣神
🟠能力：耗能减少，攻击附加减速

🟣四转：冰神·典伊
🟣能力：攻击力大幅提升，攻击数量+2

🔴终转：至尊冰神
🔴能力：子弹+2，可集火","追踪类/散点追踪
🤔️补充说明：全屏索敌单个目标，造成单体/群体伤害，可对空",325,好卡😀,攻击力,攻击力,85,100,115,130,150,170,190,230,270,320,370,430,530,630,830,1030,1330,1630,1950,攻击间隔,攻击间隔,6,5.8,5.6,5.4,5.2,5,4.8,4.6,4.3,"⚔️️攻击上限：8/8/10/12
⚔️️一转后减速2.5秒
⚔️️终转可集火","⏳[冷却]15秒🤯

🤔️[附加说明]
1.伤害为单体
2.终转附加3*3范围45%溅射且子弹可集火
3.存在“反复去世”的bug，即会攻击正在倒下的尸体，使尸体重新站起来再次倒下🤯",神谕之石,2,8,17,🚫,🚫,🚫,🚫,🚫,2,2,2,3,3,3,28,🚫,🚫,🚫,🚫,🚫,🚫,🚫,🚫,🚫,🚫,🚫,🚫,🚫,🚫,🚫,🚫,🚫,🚫,96,96,🚫,,,,,,,,,,,,,,,,,,
典伊圣神,card_data_index_9_3_4_1,"🟡合成材料：无

🟤不转：典伊神使
🟤能力：召唤冰晶，攻击全屏8个敌人

🟠三转：典伊圣神
🟠能力：耗能减少，攻击附加减速

🟣四转：冰神·典伊
🟣能力：攻击力大幅提升，攻击数量+2

🔴终转：至尊冰神
🔴能力：子弹+2，可集火","追踪类/散点追踪
🤔️补充说明：全屏索敌单个目标，造成单体/群体伤害，可对空",225,好卡😀,攻击力,攻击力,85,100,115,130,150,170,190,230,270,320,370,430,530,630,830,1030,1330,1630,1950,攻击间隔,攻击间隔,6,5.8,5.6,5.4,5.2,5,4.8,4.6,4.3,"⚔️️攻击上限：8/8/10/12
⚔️️一转后减速2.5秒
⚔️️终转可集火","⏳[冷却]15秒🤯

🧊[减速]减速2.5秒🤯

🤔️[附加说明]
1.伤害为单体
2.终转附加3*3范围45%溅射且子弹可集火
3.存在“反复去世”的bug，即会攻击正在倒下的尸体，使尸体重新站起来再次倒下🤯",神谕之石,2,8,17,🚫,🚫,🚫,🚫,🚫,2,2,2,3,3,3,28,🚫,🚫,🚫,🚫,🚫,🚫,🚫,🚫,🚫,🚫,🚫,🚫,🚫,🚫,🚫,🚫,🚫,🚫,96,96,🚫,,,,,,,,,,,,,,,,,,
冰神·典伊,card_data_index_9_3_4_2,"🟡合成材料：无

🟤不转：典伊神使
🟤能力：召唤冰晶，攻击全屏8个敌人

🟠三转：典伊圣神
🟠能力：耗能减少，攻击附加减速

🟣四转：冰神·典伊
🟣能力：攻击力大幅提升，攻击数量+2

🔴终转：至尊冰神
🔴能力：子弹+2，可集火","追踪类/散点追踪
🤔️补充说明：全屏索敌单个目标，造成单体/群体伤害，可对空",225,好卡😀,攻击力,攻击力,114,135,155,175,202,229,256,310,364,432,499,580,715,850,1120,1390,1795,2200,2632,攻击间隔,攻击间隔,6,5.8,5.6,5.4,5.2,5,4.8,4.6,4.3,"⚔️️攻击上限：8/8/10/12
⚔️️一转后减速2.5秒
⚔️️终转可集火","⏳[冷却]15秒🤯

🧊[减速]减速2.5秒🤯

🤔️[附加说明]
1.伤害为单体
2.终转附加3*3范围45%溅射且子弹可集火
3.存在“反复去世”的bug，即会攻击正在倒下的尸体，使尸体重新站起来再次倒下🤯",神谕之石,2,8,17,🚫,🚫,🚫,🚫,🚫,2,2,2,3,3,3,28,🚫,🚫,🚫,🚫,🚫,🚫,🚫,🚫,🚫,🚫,🚫,🚫,🚫,🚫,🚫,🚫,🚫,🚫,96,96,🚫,,,,,,,,,,,,,,,,,,
至尊冰神,card_data_index_9_3_4_3,"🟡合成材料：无

🟤不转：典伊神使
🟤能力：召唤冰晶，攻击全屏8个敌人

🟠三转：典伊圣神
🟠能力：耗能减少，攻击附加减速

🟣四转：冰神·典伊
🟣能力：攻击力大幅提升，攻击数量+2

🔴终转：至尊冰神
🔴能力：子弹+2，可集火","追踪类/散点追踪
🤔️补充说明：全屏索敌单个目标，造成单体/群体伤害，可对空",225,好卡😀,攻击力,攻击力,114,135,155,175,202,229,256,310,364,432,499,580,715,850,1120,1390,1795,2200,2632,攻击间隔,攻击间隔,6,5.8,5.6,5.4,5.2,5,4.8,4.6,4.3,"⚔️️攻击上限：8/8/10/12
⚔️️一转后减速2.5秒
⚔️️终转可集火","⏳[冷却]15秒🤯

🧊[减速]减速2.5秒🤯

🤔️[附加说明]
1.伤害为单体
2.可索敌&攻击地鼠
3.终转附加3×3范围45%溅射且子弹可集火
4.存在“反复去世”的bug，即会攻击正在倒下的尸体，使尸体重新站起来再次倒下🤯",神谕之石,2,8,17,🚫,🚫,🚫,🚫,🚫,2,2,2,3,3,3,28,🚫,🚫,🚫,🚫,🚫,🚫,🚫,🚫,🚫,🚫,🚫,🚫,🚫,🚫,🚫,🚫,🚫,🚫,96,96,🚫,,,,,,,,,,,,,,,,,,
祝融神使,card_data_index_10_1_5_0,"🟡合成材料：微波铛铛虎+驴肉火烧锅

🟤不转：祝融神使
🟤能力：向前方投掷高温火球，持续燃烧老鼠

🟠三转：祝融圣神
🟠能力：伤害提高，攻击距离增加

🟣四转：赤帝·祝融
🟣能力：燃烧范围扩大

🔴终转：至尊赤帝
🔴能力：燃烧范围和伤害提升",杂项类/浮空三锅,245,好卡😀,攻击力,攻击力,9,10,12,15,18,22,26,32,36,42,48,57,66,75,85,95,105,127,178,攻击间隔,攻击间隔,3.8,3.7,3.5,3.3,3.1,2.9,2.7,2.5,2.2,"⚔️️攻击距离：4/5/5/5
⚔️️攻击范围：3×3/3×3/5×5/5×7","😋[食神谱]明炉炭烧：攻击力提升15%

🤔️[附加说明]
每轮攻击造成10次伤害，间隔0.2秒",神谕之石,🚫,🚫,🚫,🚫,🚫,🚫,🚫,🚫,2,2,2,18,18,18,28,🚫,🚫,2,🚫,🚫,🚫,🚫,21,42,84,168,🚫,🚫,🚫,90,90,90,🚫,100,100,🚫,,,,,,,,,,,,,,,,,,
祝融圣神,card_data_index_10_1_5_1,"🟡合成材料：微波铛铛虎+驴肉火烧锅

🟤不转：祝融神使
🟤能力：向前方投掷高温火球，持续燃烧老鼠

🟠三转：祝融圣神
🟠能力：伤害提高，攻击距离增加

🟣四转：赤帝·祝融
🟣能力：燃烧范围扩大

🔴终转：至尊赤帝
🔴能力：燃烧范围和伤害提升",杂项类/浮空三锅,245,好卡😀,攻击力,攻击力,11,13,15,19,23,28,33,41,46,54,62,74,85,97,110,123,136,165,231,攻击间隔,攻击间隔,3.8,3.7,3.5,3.3,3.1,2.9,2.7,2.5,2.2,"⚔️️攻击距离：4/5/5/5
⚔️️攻击范围：3×3/3×3/5×5/5×7","😋[食神谱]明炉炭烧：攻击力提升15%

🤔️[附加说明]
每轮攻击造成10次伤害，间隔0.2秒",神谕之石,🚫,🚫,🚫,🚫,🚫,🚫,🚫,🚫,2,2,2,18,18,18,28,🚫,🚫,2,🚫,🚫,🚫,🚫,21,42,84,168,🚫,🚫,🚫,90,90,90,🚫,100,100,🚫,,,,,,,,,,,,,,,,,,
赤帝·祝融,card_data_index_10_1_5_2,"🟡合成材料：微波铛铛虎+驴肉火烧锅

🟤不转：祝融神使
🟤能力：向前方投掷高温火球，持续燃烧老鼠

🟠三转：祝融圣神
🟠能力：伤害提高，攻击距离增加

🟣四转：赤帝·祝融
🟣能力：燃烧范围扩大

🔴终转：至尊赤帝
🔴能力：燃烧范围和伤害提升",杂项类/浮空三锅,245,好卡😀,攻击力,攻击力,11,13,15,19,23,28,33,41,46,54,62,74,85,97,110,123,136,165,231,攻击间隔,攻击间隔,3.8,3.7,3.5,3.3,3.1,2.9,2.7,2.5,2.2,"⚔️️攻击距离：4/5/5/5
⚔️️攻击范围：3×3/3×3/5×5/5×7","😋[食神谱]明炉炭烧：攻击力提升15%

🤔️[附加说明]
每轮攻击造成10次伤害，间隔0.2秒",神谕之石,🚫,🚫,🚫,🚫,🚫,🚫,🚫,🚫,2,2,2,18,18,18,28,🚫,🚫,2,🚫,🚫,🚫,🚫,21,42,84,168,🚫,🚫,🚫,90,90,90,🚫,100,100,🚫,,,,,,,,,,,,,,,,,,
至尊赤帝,card_data_index_10_1_5_3,"🟡合成材料：微波铛铛虎+驴肉火烧锅

🟤不转：祝融神使
🟤能力：向前方投掷高温火球，持续燃烧老鼠

🟠三转：祝融圣神
🟠能力：伤害提高，攻击距离增加

🟣四转：赤帝·祝融
🟣能力：燃烧范围扩大

🔴终转：至尊赤帝
🔴能力：燃烧范围和伤害提升",杂项类/浮空三锅,245,好卡😀,攻击力,攻击力,16,18,22,28,33,41,49,60,67,79,90,107,124,141,160,179,197,239,335,攻击间隔,攻击间隔,3.8,3.7,3.5,3.3,3.1,2.9,2.7,2.5,2.2,"⚔️️攻击距离：4/5/5/5
⚔️️攻击范围：3×3/3×3/5×5/5×7","😋[食神谱]明炉炭烧：攻击力提升15%

🤔️[附加说明]
每轮攻击造成10次伤害，间隔0.2秒",神谕之石,🚫,🚫,🚫,🚫,🚫,🚫,🚫,🚫,2,2,2,18,18,18,28,🚫,🚫,2,🚫,🚫,🚫,🚫,21,42,84,168,🚫,🚫,🚫,90,90,90,🚫,100,100,🚫,,,,,,,,,,,,,,,,,,
混沌神使,card_data_index_10_2_5_0,"🟡合成材料：成年吞噬龙+厨神年糕蟹

🟤不转：混沌神使
🟤能力：融合地面上大量鼠军，然后消化掉，被啃咬死亡后产生爆炸

🟠三转：混沌圣神
🟠能力：爆炸范围和吞噬伤害提升

🟣四转：上古神·混沌
🟣能力：吞噬老鼠类型和范围提升

🔴终转：暂未开放
🔴能力：暂未开放",杂项类/吞噬类,205,好卡😀,消化时间,消化时间,35,34,33,32,31,30,28,26,24,22,20,18,16,13,10,7,4,3,2,冷却时间,冷却时间,35,32,29,26,23,19,15,11,7,"⚔️️吸取范围：自身左边第1格为中心的5×5，四转上下各延伸5×1格
⚔️️对[精英鼠军]造成4500/6000/6000伤害
⚔️️死亡造成3×3/5×5/5×5灰烬伤害
⚔️️四转追加：
(神风)幽灵鼠
(僵尸)非主流鼠
熊孩子鼠
黏团鼠
各种鼹鼠
其余老鼠基础形态即可吞噬","🤔️[附加说明]
1.吞咽+吸取动画约占2.7秒
2.秒杀普通鼠军,对[精英鼠军]造成4500/6000/6000伤害
3.不响应BOSS
4.无法吞噬：
深渊幽灵鼠&迷雾鼠
占卜师鼠
吟游鼠
(神风)幽灵鼠
(僵尸)非主流鼠
熊孩子鼠
黏团鼠
各种鼹鼠",神谕之石,🚫,🚫,🚫,🚫,🚫,🚫,🚫,🚫,2,2,2,3,3,3,🚫,🚫,🚫,2,🚫,🚫,🚫,🚫,🚫,🚫,🚫,🚫,🚫,🚫,🚫,🚫,🚫,🚫,🚫,🚫,🚫,🚫,,,,,,,,,,,,,,,,,,
混沌圣神,card_data_index_10_2_5_1,"🟡合成材料：成年吞噬龙+厨神年糕蟹

🟤不转：混沌神使
🟤能力：融合地面上大量鼠军，然后消化掉，被啃咬死亡后产生爆炸

🟠三转：混沌圣神
🟠能力：爆炸范围和吞噬伤害提升

🟣四转：上古神·混沌
🟣能力：吞噬老鼠类型和范围提升

🔴终转：暂未开放
🔴能力：暂未开放",杂项类/吞噬类,205,好卡😀,消化时间,消化时间,35,34,33,32,31,30,28,26,24,22,20,18,16,13,10,7,4,3,2,冷却时间,冷却时间,35,32,29,26,23,19,15,11,7,"⚔️️吸取范围：自身左边第1格为中心的5×5，四转上下各延伸5×1格
⚔️️对[精英鼠军]造成4500/6000/6000伤害
⚔️️死亡造成3×3/5×5/5×5灰烬伤害
⚔️️四转追加：
(神风)幽灵鼠
(僵尸)非主流鼠
熊孩子鼠
黏团鼠
各种鼹鼠
其余老鼠基础形态即可吞噬","🤔️[附加说明]
1.吞咽+吸取动画约占2.7秒
2.秒杀普通鼠军,对[精英鼠军]造成4500/6000/6000伤害
3.不响应BOSS
4.无法吞噬：
深渊幽灵鼠&迷雾鼠
占卜师鼠
吟游鼠
(神风)幽灵鼠
(僵尸)非主流鼠
熊孩子鼠
黏团鼠
各种鼹鼠",神谕之石,🚫,🚫,🚫,🚫,🚫,🚫,🚫,🚫,2,2,2,3,3,3,🚫,🚫,🚫,2,🚫,🚫,🚫,🚫,🚫,🚫,🚫,🚫,🚫,🚫,🚫,🚫,🚫,🚫,🚫,🚫,🚫,🚫,,,,,,,,,,,,,,,,,,
上古神·混沌,card_data_index_10_2_5_2,"🟡合成材料：成年吞噬龙+厨神年糕蟹

🟤不转：混沌神使
🟤能力：融合地面上大量鼠军，然后消化掉，被啃咬死亡后产生爆炸

🟠三转：混沌圣神
🟠能力：爆炸范围和吞噬伤害提升

🟣四转：上古神·混沌
🟣能力：吞噬老鼠类型和范围提升

🔴终转：暂未开放
🔴能力：暂未开放",杂项类/吞噬类,205,好卡😀,消化时间,消化时间,35,34,33,32,31,30,28,26,24,22,20,18,16,13,10,7,4,3,2,冷却时间,冷却时间,35,32,29,26,23,19,15,11,7,"⚔️️吸取范围：自身左边第1格为中心的5×5，四转上下各延伸5×1格
⚔️️对[精英鼠军]造成4500/6000/6000伤害
⚔️️死亡造成3×3/5×5/5×5灰烬伤害
⚔️️四转追加：
(神风)幽灵鼠
(僵尸)非主流鼠
熊孩子鼠
黏团鼠
各种鼹鼠
其余老鼠基础形态即可吞噬","🤔️[附加说明]
1.吞咽+吸取动画约占2.7秒
2.秒杀普通鼠军,对[精英鼠军]造成4500/6000/6000伤害
3.不响应BOSS
4.无法吞噬：
深渊幽灵鼠&迷雾鼠
占卜师鼠
吟游鼠",神谕之石,🚫,🚫,🚫,🚫,🚫,🚫,🚫,🚫,2,2,2,3,3,3,🚫,🚫,🚫,2,🚫,🚫,🚫,🚫,🚫,🚫,🚫,🚫,🚫,🚫,🚫,🚫,🚫,🚫,🚫,🚫,🚫,🚫,,,,,,,,,,,,,,,,,,
奥丁神使,card_data_index_11_3_7_0,"🟡合成材料：原子卖萌喵+炙烤五香灯笼鱼

🟤不转：奥丁神使
🟤能力：向前方发射2发穿透短矛子弹

🟠三转：奥丁圣神
🟠能力：攻击力提高25%

🟣四转：主神·奥丁
🟣能力：增加1发子弹

🔴终转：至尊主神
🔴能力：再次增加1发子弹",直线射击类/B型穿透类(可过火、可反弹)/直射类,230,好卡😀,攻击力,攻击力,55,65,75,85,95,105,115,125,155,205,280,360,440,540,690,840,990,1350,1890,攻击间隔,攻击间隔,1.3,1.25,1.2,1.15,1.1,1.05,1,0.9,0.8,⚔️️子弹数量：2/2/3/4,"🪡[穿透]子弹附带穿透效果

😋[食神谱]普罗旺斯鱼汤：攻击力提升15%

💡[讲故事]
主神测试期的攻击力并不算强，进化后变弱，甚至可以称为“冥神2.0”。但正式更新时史诗级加强成现在所看到的强度",神谕之石,🚫,🚫,🚫,🚫,🚫,🚫,🚫,🚫,2,2,2,18,18,18,28,🚫,🚫,2,🚫,🚫,🚫,🚫,🚫,🚫,🚫,🚫,🚫,🚫,🚫,65,65,65,🚫,116,116,🚫,,,,,,,,,,,,,,,,,,
奥丁圣神,card_data_index_11_3_7_1,"🟡合成材料：原子卖萌喵+炙烤五香灯笼鱼

🟤不转：奥丁神使
🟤能力：向前方发射2发穿透短矛子弹

🟠三转：奥丁圣神
🟠能力：攻击力提高25%

🟣四转：主神·奥丁
🟣能力：增加1发子弹

🔴终转：至尊主神
🔴能力：再次增加1发子弹",直线射击类/B型穿透类(可过火、可反弹)/直射类,230,好卡😀,攻击力,攻击力,68,81,93,106,118,131,143,156,193,256,350,450,550,675,862,1050,1237,1687,2362,攻击间隔,攻击间隔,1.3,1.25,1.2,1.15,1.1,1.05,1,0.9,0.8,⚔️️子弹数量：2/2/3/4,"🪡[穿透]子弹附带穿透效果

😋[食神谱]普罗旺斯鱼汤：攻击力提升15%

💡[讲故事]
主神测试期的攻击力并不算强，进化后变弱，甚至可以称为“冥神2.0”。但正式更新时史诗级加强成现在所看到的强度",神谕之石,🚫,🚫,🚫,🚫,🚫,🚫,🚫,🚫,2,2,2,18,18,18,28,🚫,🚫,2,🚫,🚫,🚫,🚫,🚫,🚫,🚫,🚫,🚫,🚫,🚫,65,65,65,🚫,116,116,🚫,,,,,,,,,,,,,,,,,,
主神·奥丁,card_data_index_11_3_7_2,"🟡合成材料：原子卖萌喵+炙烤五香灯笼鱼

🟤不转：奥丁神使
🟤能力：向前方发射2发穿透短矛子弹

🟠三转：奥丁圣神
🟠能力：攻击力提高25%

🟣四转：主神·奥丁
🟣能力：增加1发子弹

🔴终转：至尊主神
🔴能力：再次增加1发子弹",直线射击类/B型穿透类(可过火、可反弹)/直射类,230,好卡😀,攻击力,攻击力,68,81,93,106,118,131,143,156,193,256,350,450,550,675,862,1050,1237,1687,2362,攻击间隔,攻击间隔,1.3,1.25,1.2,1.15,1.1,1.05,1,0.9,0.8,⚔️️子弹数量：2/2/3/4,"🪡[穿透]子弹附带穿透效果

😋[食神谱]普罗旺斯鱼汤：攻击力提升15%

💡[讲故事]
主神测试期的攻击力并不算强，进化后变弱，甚至可以称为“冥神2.0”。但正式更新时史诗级加强成现在所看到的强度",神谕之石,🚫,🚫,🚫,🚫,🚫,🚫,🚫,🚫,2,2,2,18,18,18,28,🚫,🚫,2,🚫,🚫,🚫,🚫,🚫,🚫,🚫,🚫,🚫,🚫,🚫,65,65,65,🚫,116,116,🚫,,,,,,,,,,,,,,,,,,
至尊主神,card_data_index_11_3_7_3,"🟡合成材料：原子卖萌喵+炙烤五香灯笼鱼

🟤不转：奥丁神使
🟤能力：向前方发射2发穿透短矛子弹

🟠三转：奥丁圣神
🟠能力：攻击力提高25%

🟣四转：主神·奥丁
🟣能力：增加1发子弹

🔴终转：至尊主神
🔴能力：再次增加1发子弹",直线射击类/B型穿透类(可过火、可反弹)/直射类,230,好卡😀,攻击力,攻击力,68,81,93,106,118,131,143,156,193,256,350,450,550,675,862,1050,1237,1687,2362,攻击间隔,攻击间隔,1.3,1.25,1.2,1.15,1.1,1.05,1,0.9,0.8,⚔️️子弹数量：2/2/3/4,"🪡[穿透]子弹附带穿透效果

😋[食神谱]普罗旺斯鱼汤：攻击力提升15%

💡[讲故事]
主神测试期的攻击力并不算强，进化后变弱，甚至可以称为“冥神2.0”。但正式更新时史诗级加强成现在所看到的强度",神谕之石,🚫,🚫,🚫,🚫,🚫,🚫,🚫,🚫,2,2,2,18,18,18,28,🚫,🚫,2,🚫,🚫,🚫,🚫,🚫,🚫,🚫,🚫,🚫,🚫,🚫,65,65,65,🚫,116,116,🚫,,,,,,,,,,,,,,,,,,
后羿神使,card_data_index_11_3_10_0,"🟡合成材料：奥术法师蛇+BBQ烤肉大师

🟤不转：后羿神使
🟤能力：向前方3路共发射9发固定轨迹的穿透箭矢，同时一定几率在特定位置产生三味真火灼烧鼠军

🟠三转：后羿圣神
🟠能力：灼烧效果提升，中路子弹+1

🟣四转：宗布神·后羿
🟣能力：侧路两行子弹+1，子弹击杀灰烬

🔴终转：至尊宗布神
🔴能力：每行子弹+1，三味真火叠加次数提高",直线射击类/B型穿透类(可过火、可反弹)/穿透整行类(子弹均从场地最左侧射出),385,好卡😀,攻击力,攻击力,60,70,80,90,110,130,150,170,190,210,300,390,480,630,780,930,1080,1620,2910,攻击间隔,攻击间隔,1.25,1.2,1.15,1.1,1.05,1,0.95,0.9,0.85,"⚔️️单行子弹数量：3/3/4/5(仅三转中路多1)
⚔️️攻击范围：3行
⚔️️四转子弹击杀灰烬
⚔️️灼烧范围：场地最右方3/5/5/5格，可叠加8/10/10/12层","🪡[穿透]子弹附带穿透效果

🤔️[灼烧说明]
1.第3n发子弹产生灼烧
2.灼烧范围场地最右方3/5/5/5格
3.每秒对全部老鼠造成120伤害，共5次，可叠加8/10/10/12层",神谕之石,🚫,🚫,🚫,🚫,🚫,🚫,🚫,🚫,12,12,12,🚫,🚫,🚫,🚫,🚫,🚫,🚫,🚫,🚫,🚫,🚫,21,42,84,168,🚫,🚫,🚫,89,89,89,🚫,119,119,🚫,,,,,,,,,,,,,,,,,,
后羿圣神,card_data_index_11_3_10_1,"🟡合成材料：奥术法师蛇+BBQ烤肉大师

🟤不转：后羿神使
🟤能力：向前方3路共发射9发固定轨迹的穿透箭矢，同时一定几率在特定位置产生三味真火灼烧鼠军

🟠三转：后羿圣神
🟠能力：灼烧效果提升，中路子弹+1

🟣四转：宗布神·后羿
🟣能力：侧路两行子弹+1，子弹击杀灰烬

🔴终转：至尊宗布神
🔴能力：每行子弹+1，三味真火叠加次数提高",直线射击类/B型穿透类(可过火、可反弹)/穿透整行类(子弹均从场地最左侧射出),385,好卡😀,攻击力,攻击力,60,70,80,90,110,130,150,170,190,210,300,390,480,630,780,930,1080,1620,2910,攻击间隔,攻击间隔,1.25,1.2,1.15,1.1,1.05,1,0.95,0.9,0.85,"⚔️️单行子弹数量：3/3/4/5(仅三转中路多1)
⚔️️攻击范围：3行
⚔️️四转子弹击杀灰烬
⚔️️灼烧范围：场地最右方3/5/5/5格，可叠加8/10/10/12层","🪡[穿透]子弹附带穿透效果

🤔️[灼烧说明]
1.第3n发子弹产生灼烧
2.灼烧范围场地最右方3/5/5/5格
3.每秒对全部老鼠造成120伤害，共5次，可叠加8/10/10/12层",神谕之石,🚫,🚫,🚫,🚫,🚫,🚫,🚫,🚫,12,12,12,🚫,🚫,🚫,🚫,🚫,🚫,🚫,🚫,🚫,🚫,🚫,21,42,84,168,🚫,🚫,🚫,89,89,89,🚫,119,119,🚫,,,,,,,,,,,,,,,,,,
宗布神·后羿,card_data_index_11_3_10_2,"🟡合成材料：奥术法师蛇+BBQ烤肉大师

🟤不转：后羿神使
🟤能力：向前方3路共发射9发固定轨迹的穿透箭矢，同时一定几率在特定位置产生三味真火灼烧鼠军

🟠三转：后羿圣神
🟠能力：灼烧效果提升，中路子弹+1

🟣四转：宗布神·后羿
🟣能力：侧路两行子弹+1，子弹击杀灰烬

🔴终转：至尊宗布神
🔴能力：每行子弹+1，三味真火叠加次数提高",直线射击类/B型穿透类(可过火、可反弹)/穿透整行类(子弹均从场地最左侧射出),385,好卡😀,攻击力,攻击力,60,70,80,90,110,130,150,170,190,210,300,390,480,630,780,930,1080,1620,2910,攻击间隔,攻击间隔,1.25,1.2,1.15,1.1,1.05,1,0.95,0.9,0.85,"⚔️️单行子弹数量：3/3/4/5(仅三转中路多1)
⚔️️攻击范围：3行
⚔️️四转子弹击杀灰烬
⚔️️灼烧范围：场地最右方3/5/5/5格，可叠加8/10/10/12层","🪡[穿透]子弹附带穿透效果

🤔️[灼烧说明]
1.第3n发子弹产生灼烧
2.灼烧范围场地最右方3/5/5/5格
3.每秒对全部老鼠造成120伤害，共5次，可叠加8/10/10/12层",神谕之石,🚫,🚫,🚫,🚫,🚫,🚫,🚫,🚫,12,12,12,🚫,🚫,🚫,🚫,🚫,🚫,🚫,🚫,🚫,🚫,🚫,21,42,84,168,🚫,🚫,🚫,89,89,89,🚫,119,119,🚫,,,,,,,,,,,,,,,,,,
至尊宗布神,card_data_index_11_3_10_3,"🟡合成材料：奥术法师蛇+BBQ烤肉大师

🟤不转：后羿神使
🟤能力：向前方3路共发射9发固定轨迹的穿透箭矢，同时一定几率在特定位置产生三味真火灼烧鼠军

🟠三转：后羿圣神
🟠能力：灼烧效果提升，中路子弹+1

🟣四转：宗布神·后羿
🟣能力：侧路两行子弹+1，子弹击杀灰烬

🔴终转：至尊宗布神
🔴能力：每行子弹+1，三味真火叠加次数提高",直线射击类/B型穿透类(可过火、可反弹)/穿透整行类(子弹均从场地最左侧射出),385,好卡😀,攻击力,攻击力,60,70,80,90,110,130,150,170,190,210,300,390,480,630,780,930,1080,1620,2910,攻击间隔,攻击间隔,1.25,1.2,1.15,1.1,1.05,1,0.95,0.9,0.85,"⚔️️单行子弹数量：3/3/4/5(仅三转中路多1)
⚔️️攻击范围：3行
⚔️️四转子弹击杀灰烬
⚔️️灼烧范围：场地最右方3/5/5/5格，可叠加8/10/10/12层","🪡[穿透]子弹附带穿透效果

🤔️[灼烧说明]
1.第3n发子弹产生灼烧
2.灼烧范围场地最右方3/5/5/5格
3.每秒对全部老鼠造成120伤害，共5次，可叠加8/10/10/12层",神谕之石,🚫,🚫,🚫,🚫,🚫,🚫,🚫,🚫,12,12,12,🚫,🚫,🚫,🚫,🚫,🚫,🚫,🚫,🚫,🚫,🚫,21,42,84,168,🚫,🚫,🚫,89,89,89,🚫,119,119,🚫,,,,,,,,,,,,,,,,,,
盖亚神使,card_data_index_12_1_5_0,"🟡合成材料：反重力火箭猪+死神大炮

🟤不转：盖亚神使
🟤能力：连续发射2发巨石，对本行老鼠进行海陆空全方位打击

🟠三转：盖亚圣神
🟠能力：攻击力提高30%，眩晕巨型鼠

🟣四转：大地女神·盖亚
🟣能力：增加1发子弹

🔴终转：至尊大地女神
🔴能力：溅射范围扩大至5*5",灰烬类/常驻型/B.轰炸类,350,好卡😀,攻击间隔、攻击力,"攻击间隔
攻击力","35
900","34
900","33
900","32
900","31
900","30
900","29
900","27
900","25
900","23
900","21
900","19
900","17
1000","15
1000","13
1100","11
1200","9
1300","7
1500","5
1950",冷却时间,冷却时间,35,32,29,26,23,20,17,14,9,"⚔️️子弹数量：2/2/3/3
⚔️️攻击范围：3×3/3×3/3×3/5×5
⚔️️判定行数：3/3/3/5
⚔️️一转后眩晕2秒","💪[体力]60

😋[食神谱]怀石料理：攻击间隔减少2秒，冷却时间减少2秒，攻击力提升10%

🤔️[附加说明]
1.子弹单行追踪
2.有老鼠才会发动攻击
3.终转子弹落地时间大幅缩短
4.无法攻击非主流&幽灵鼠；鼹鼠可被攻击但不被索敌
5.可被投掷增幅&香料虎&宴飨女神加成，取最大值
6.单独放置投掷增幅或双增幅叠加时，第3发子弹加成概率丢失",神谕之石,🚫,🚫,🚫,🚫,🚫,🚫,🚫,🚫,2,2,2,18,18,18,28,🚫,🚫,2,🚫,🚫,🚫,🚫,21,42,84,168,🚫,🚫,🚫,85,85,85,🚫,118,118,🚫,,,,,,,,,,,,,,,,,,
盖亚圣神,card_data_index_12_1_5_1,"🟡合成材料：反重力火箭猪+死神大炮

🟤不转：盖亚神使
🟤能力：连续发射2发巨石，对本行老鼠进行海陆空全方位打击

🟠三转：盖亚圣神
🟠能力：攻击力提高30%，眩晕巨型鼠

🟣四转：大地女神·盖亚
🟣能力：增加1发子弹

🔴终转：至尊大地女神
🔴能力：溅射范围扩大至5*5",灰烬类/常驻型/B.轰炸类,350,好卡😀,攻击间隔、攻击力,"攻击间隔
攻击力","35
1170","34
1170","33
1170","32
1170","31
1170","30
1170","29
1170","27
1170","25
1170","23
1170","21
1170","19
1170","17
1300","15
1300","13
1430","11
1560","9
1690","7
1950","5
2535",冷却时间,冷却时间,35,32,29,26,23,20,17,14,9,"⚔️️子弹数量：2/2/3/3
⚔️️攻击范围：3×3/3×3/3×3/5×5
⚔️️判定行数：3/3/3/5
⚔️️一转后眩晕2秒","💪[体力]60

🎯[眩晕]2秒

😋[食神谱]怀石料理：攻击间隔减少2秒，冷却时间减少2秒，攻击力提升10%

🤔️[附加说明]
1.子弹单行追踪
2.有老鼠才会发动攻击
3.终转子弹落地时间大幅缩短
4.无法攻击非主流&幽灵鼠；鼹鼠可被攻击但不被索敌
5.可被投掷增幅&香料虎&宴飨女神加成，取最大值
6.单独放置投掷增幅或双增幅叠加时，第3发子弹加成概率丢失",神谕之石,🚫,🚫,🚫,🚫,🚫,🚫,🚫,🚫,2,2,2,18,18,18,28,🚫,🚫,2,🚫,🚫,🚫,🚫,21,42,84,168,🚫,🚫,🚫,85,85,85,🚫,118,118,🚫,,,,,,,,,,,,,,,,,,
大地女神·盖亚,card_data_index_12_1_5_2,"🟡合成材料：反重力火箭猪+死神大炮

🟤不转：盖亚神使
🟤能力：连续发射2发巨石，对本行老鼠进行海陆空全方位打击

🟠三转：盖亚圣神
🟠能力：攻击力提高30%，眩晕巨型鼠

🟣四转：大地女神·盖亚
🟣能力：增加1发子弹

🔴终转：至尊大地女神
🔴能力：溅射范围扩大至5*5",灰烬类/常驻型/B.轰炸类,350,好卡😀,攻击间隔、攻击力,"攻击间隔
攻击力","35
1170","34
1170","33
1170","32
1170","31
1170","30
1170","29
1170","27
1170","25
1170","23
1170","21
1170","19
1170","17
1300","15
1300","13
1430","11
1560","9
1690","7
1950","5
2535",冷却时间,冷却时间,35,32,29,26,23,20,17,14,9,"⚔️️子弹数量：2/2/3/3
⚔️️攻击范围：3×3/3×3/3×3/5×5
⚔️️判定行数：3/3/3/5
⚔️️一转后眩晕2秒","💪[体力]60

🎯[眩晕]2秒

😋[食神谱]怀石料理：攻击间隔减少2秒，冷却时间减少2秒，攻击力提升10%

🤔️[附加说明]
1.子弹单行追踪
2.有老鼠才会发动攻击
3.终转子弹落地时间大幅缩短
4.无法攻击非主流&幽灵鼠；鼹鼠可被攻击但不被索敌
5.可被投掷增幅&香料虎&宴飨女神加成，取最大值
6.单独放置投掷增幅或双增幅叠加时，第3发子弹加成概率丢失",神谕之石,🚫,🚫,🚫,🚫,🚫,🚫,🚫,🚫,2,2,2,18,18,18,28,🚫,🚫,2,🚫,🚫,🚫,🚫,21,42,84,168,🚫,🚫,🚫,85,85,85,🚫,118,118,🚫,,,,,,,,,,,,,,,,,,
至尊大地女神,card_data_index_12_1_5_3,"🟡合成材料：反重力火箭猪+死神大炮

🟤不转：盖亚神使
🟤能力：连续发射2发巨石，对本行老鼠进行海陆空全方位打击

🟠三转：盖亚圣神
🟠能力：攻击力提高30%，眩晕巨型鼠

🟣四转：大地女神·盖亚
🟣能力：增加1发子弹

🔴终转：至尊大地女神
🔴能力：溅射范围扩大至5*5",灰烬类/常驻型/B.轰炸类,350,好卡😀,攻击间隔、攻击力,"攻击间隔
攻击力","35
1170","34
1170","33
1170","32
1170","31
1170","30
1170","29
1170","27
1170","25
1170","23
1170","21
1170","19
1170","17
1300","15
1300","13
1430","11
1560","9
1690","7
1950","5
2535",冷却时间,冷却时间,35,32,29,26,23,20,17,14,9,"⚔️️子弹数量：2/2/3/3
⚔️️攻击范围：3×3/3×3/3×3/5×5
⚔️️判定行数：3/3/3/5
⚔️️一转后眩晕2秒","💪[体力]60

🎯[眩晕]2秒

😋[食神谱]怀石料理：攻击间隔减少2秒，冷却时间减少2秒，攻击力提升10%

🤔️[附加说明]
1.子弹单行追踪
2.有老鼠才会发动攻击
3.终转子弹落地时间大幅缩短
4.无法攻击非主流&幽灵鼠；鼹鼠可被攻击但不被索敌
5.可被投掷增幅&香料虎&宴飨女神加成，取最大值
6.单独放置投掷增幅或双增幅叠加时，第3发子弹加成概率丢失",神谕之石,🚫,🚫,🚫,🚫,🚫,🚫,🚫,🚫,2,2,2,18,18,18,28,🚫,🚫,2,🚫,🚫,🚫,🚫,21,42,84,168,🚫,🚫,🚫,85,85,85,🚫,118,118,🚫,,,,,,,,,,,,,,,,,,
潘多拉,card_data_index_12_2_5_0,"🟡合成材料：无

🟤不转：潘多拉
🟤能力：瞬间产生3*3范围内爆炸,在本行范围内留下毒气瘟疫

🟠三转：潘多拉魔盒
🟠能力：毒气瘟疫的伤害提升35%

🟣四转：疫神·潘多拉
🟣能力：毒气瘟疫范围增加1列

🔴终转：暂未开放
🔴能力：暂未开放",灰烬类/常规标准型/A.放下后立即生效,255,好卡😀,冷却时间,冷却时间,50,48,46,44,42,40,38,35,32,29,26,23,20,17,14,11,7,null,null,该防御卡不支持技能,该防御卡不支持技能,null,null,null,null,null,null,null,null,null,"⚔️️毒气范围：1行/1行/1行+1列
⚔️️毒气伤害：900/1215/1215
⚔️️四转中心毒气无二倍伤害","💪[体力]20000

🤔️[附加说明]
4×3范围900灰烬伤害+3次毒气，第1次同爆炸，约2秒/3秒造成第2/3次",神谕之石,2,8,17,🚫,🚫,🚫,🚫,🚫,2,2,2,3,3,3,🚫,🚫,🚫,🚫,🚫,🚫,🚫,🚫,🚫,🚫,🚫,🚫,🚫,🚫,🚫,🚫,🚫,🚫,🚫,🚫,🚫,🚫,,,,,,,,,,,,,,,,,,
潘多拉魔盒,card_data_index_12_2_5_1,"🟡合成材料：无

🟤不转：潘多拉
🟤能力：瞬间产生3*3范围内爆炸,在本行范围内留下毒气瘟疫

🟠三转：潘多拉魔盒
🟠能力：毒气瘟疫的伤害提升35%

🟣四转：疫神·潘多拉
🟣能力：毒气瘟疫范围增加1列

🔴终转：暂未开放
🔴能力：暂未开放",灰烬类/常规标准型/A.放下后立即生效,255,好卡😀,冷却时间,冷却时间,50,48,46,44,42,40,38,35,32,29,26,23,20,17,14,11,7,null,null,该防御卡不支持技能,该防御卡不支持技能,null,null,null,null,null,null,null,null,null,"⚔️️毒气范围：1行/1行/1行+1列
⚔️️毒气伤害：900/1215/1215
⚔️️四转中心毒气无二倍伤害","💪[体力]20000

🤔️[附加说明]
4×3范围900灰烬伤害+3次毒气，第1次同爆炸，约2秒/3秒造成第2/3次",神谕之石,2,8,17,🚫,🚫,🚫,🚫,🚫,2,2,2,3,3,3,🚫,🚫,🚫,🚫,🚫,🚫,🚫,🚫,🚫,🚫,🚫,🚫,🚫,🚫,🚫,🚫,🚫,🚫,🚫,🚫,🚫,🚫,,,,,,,,,,,,,,,,,,
疫神·潘多拉,card_data_index_12_2_5_2,"🟡合成材料：无

🟤不转：潘多拉
🟤能力：瞬间产生3*3范围内爆炸,在本行范围内留下毒气瘟疫

🟠三转：潘多拉魔盒
🟠能力：毒气瘟疫的伤害提升35%

🟣四转：疫神·潘多拉
🟣能力：毒气瘟疫范围增加1列

🔴终转：暂未开放
🔴能力：暂未开放",灰烬类/常规标准型/A.放下后立即生效,255,好卡😀,冷却时间,冷却时间,50,48,46,44,42,40,38,35,32,29,26,23,20,17,14,11,7,null,null,该防御卡不支持技能,该防御卡不支持技能,null,null,null,null,null,null,null,null,null,"⚔️️毒气范围：1行/1行/1行+1列
⚔️️毒气伤害：900/1215/1215
⚔️️四转中心毒气无二倍伤害","💪[体力]20000

🤔️[附加说明]
4×3范围900灰烬伤害+3次毒气，第1次同爆炸，约2秒/3秒造成第2/3次",神谕之石,2,8,17,🚫,🚫,🚫,🚫,🚫,2,2,2,3,3,3,🚫,🚫,🚫,🚫,🚫,🚫,🚫,🚫,🚫,🚫,🚫,🚫,🚫,🚫,🚫,🚫,🚫,🚫,🚫,🚫,🚫,🚫,,,,,,,,,,,,,,,,,,
灵鱼摩蹉神使,card_data_index_13_1_12_0,"🟡合成材料：鼠鼠逗猫棒+暴走贪吃兔

🟤不转：灵鱼摩蹉神使
🟤能力：化身为4条灵鱼，冲撞沿途遇到的老鼠

🟠三转：灵鱼摩蹉圣神
🟠能力：无需格子

🟣四转：救世神·灵鱼摩蹉
🟣能力：增加2条灵鱼，几率清理障碍

🔴终转：至尊救世神
🔴能力：增加2条灵鱼，清理遇到的路障",非灰烬类/秒杀型(非炸弹卡，可对多数老鼠造成秒杀，对boss造成900伤害)/C.冲撞秒杀,375,好卡😀,冷却时间,冷却时间,60,58,56,54,52,50,48,45,42,39,36,32,28,24,20,15,10,null,null,该防御卡不支持技能,该防御卡不支持技能,null,null,null,null,null,null,null,null,null,"⚔️召唤时间：1.2秒/1.2秒/1.2秒/1.6秒
⚔️冲撞范围：4行/5行/5行1列/7行1列
⚔️清除沿途障碍概率：0%/0%/40%/100%","💪[体力]50

🤔[附加说明]
四转在第9列增加的1条灵鱼可以攻击到第8和9列",神谕之石,🚫,🚫,🚫,🚫,🚫,🚫,🚫,🚫,2,2,2,3,3,3,🚫,🚫,🚫,2,🚫,🚫,🚫,🚫,🚫,🚫,🚫,🚫,🚫,🚫,🚫,🚫,🚫,🚫,🚫,92,92,🚫,,,,,,,,,,,,,,,,,,
灵鱼摩蹉圣神,card_data_index_13_1_12_1,"🟡合成材料：鼠鼠逗猫棒+暴走贪吃兔

🟤不转：灵鱼摩蹉神使
🟤能力：化身为4条灵鱼，冲撞沿途遇到的老鼠

🟠三转：灵鱼摩蹉圣神
🟠能力：无需格子

🟣四转：救世神·灵鱼摩蹉
🟣能力：增加2条灵鱼，几率清理障碍

🔴终转：至尊救世神
🔴能力：增加2条灵鱼，清理遇到的路障",非灰烬类/秒杀型(非炸弹卡，可对多数老鼠造成秒杀，对boss造成900伤害)/C.冲撞秒杀,375,好卡😀,冷却时间,冷却时间,60,58,56,54,52,50,48,45,42,39,36,32,28,24,20,15,10,null,null,该防御卡不支持技能,该防御卡不支持技能,null,null,null,null,null,null,null,null,null,"⚔️召唤时间：1.2秒/1.2秒/1.2秒/1.6秒
⚔️冲撞范围：4行/5行/5行1列/7行1列
⚔️清除沿途障碍概率：0%/0%/40%/100%","💪[体力]50

🤔[附加说明]
四转在第9列增加的1条灵鱼可以攻击到第8和9列",神谕之石,🚫,🚫,🚫,🚫,🚫,🚫,🚫,🚫,2,2,2,3,3,3,🚫,🚫,🚫,2,🚫,🚫,🚫,🚫,🚫,🚫,🚫,🚫,🚫,🚫,🚫,🚫,🚫,🚫,🚫,92,92,🚫,,,,,,,,,,,,,,,,,,
救世神·灵鱼摩蹉,card_data_index_13_1_12_2,"🟡合成材料：鼠鼠逗猫棒+暴走贪吃兔

🟤不转：灵鱼摩蹉神使
🟤能力：化身为4条灵鱼，冲撞沿途遇到的老鼠

🟠三转：灵鱼摩蹉圣神
🟠能力：无需格子

🟣四转：救世神·灵鱼摩蹉
🟣能力：增加2条灵鱼，几率清理障碍

🔴终转：至尊救世神
🔴能力：增加2条灵鱼，清理遇到的路障",非灰烬类/秒杀型(非炸弹卡，可对多数老鼠造成秒杀，对boss造成900伤害)/C.冲撞秒杀,375,好卡😀,冷却时间,冷却时间,60,58,56,54,52,50,48,45,42,39,36,32,28,24,20,15,10,null,null,该防御卡不支持技能,该防御卡不支持技能,null,null,null,null,null,null,null,null,null,"⚔️召唤时间：1.2秒/1.2秒/1.2秒/1.6秒
⚔️冲撞范围：4行/5行/5行1列/7行1列
⚔️清除沿途障碍概率：0%/0%/40%/100%","💪[体力]50

🤔[附加说明]
四转在第9列增加的1条灵鱼可以攻击到第8和9列",神谕之石,🚫,🚫,🚫,🚫,🚫,🚫,🚫,🚫,2,2,2,3,3,3,🚫,🚫,🚫,2,🚫,🚫,🚫,🚫,🚫,🚫,🚫,🚫,🚫,🚫,🚫,🚫,🚫,🚫,🚫,92,92,🚫,,,,,,,,,,,,,,,,,,
至尊救世神,card_data_index_13_1_12_3,"🟡合成材料：鼠鼠逗猫棒+暴走贪吃兔

🟤不转：灵鱼摩蹉神使
🟤能力：化身为4条灵鱼，冲撞沿途遇到的老鼠

🟠三转：灵鱼摩蹉圣神
🟠能力：无需格子

🟣四转：救世神·灵鱼摩蹉
🟣能力：增加2条灵鱼，几率清理障碍

🔴终转：至尊救世神
🔴能力：增加2条灵鱼，清理遇到的路障",非灰烬类/秒杀型(非炸弹卡，可对多数老鼠造成秒杀，对boss造成900伤害)/C.冲撞秒杀,375,好卡😀,冷却时间,冷却时间,60,58,56,54,52,50,48,45,42,39,36,32,28,24,20,15,10,null,null,该防御卡不支持技能,该防御卡不支持技能,null,null,null,null,null,null,null,null,null,"⚔️召唤时间：1.2秒/1.2秒/1.2秒/1.6秒
⚔️冲撞范围：4行/5行/5行1列/7行1列
⚔️清除沿途障碍概率：0%/0%/40%/100%","💪[体力]50

🤔[附加说明]
四转在第9列增加的1条灵鱼可以攻击到第8和9列",神谕之石,🚫,🚫,🚫,🚫,🚫,🚫,🚫,🚫,2,2,2,3,3,3,🚫,🚫,🚫,2,🚫,🚫,🚫,🚫,🚫,🚫,🚫,🚫,🚫,🚫,🚫,🚫,🚫,🚫,🚫,92,92,🚫,,,,,,,,,,,,,,,,,,
黑暗神使,card_data_index_13_2_4_0,"🟡合成材料：电音镭射喵+冰河世纪榴莲

🟤不转：黑暗神使
🟤能力：对进入法罩内的鼠军产生大量伤害和几率定身，持续一段时间后消失

🟠三转：黑暗圣神
🟠能力：攻击频率提高

🟣四转：黑暗神·霍德尔
🟣能力：伤害范围扩大

🔴终转：至尊黑暗神
🔴能力：连续攻击可产生超高暴击，死亡变灰烬",非灰烬类/时效型/A.攻击跟随时间轴,330,好卡😀,攻击力,攻击力,85,100,115,145,175,205,235,285,325,375,425,475,525,580,640,700,760,1160,1860,持续时间,持续时间,15,16,17,18,20,22,26,31,36,"⚔️攻击范围：5×5/5×5/5×7/5×7
⚔️攻击间隔：1秒/0.8秒/0.8秒/0.8秒","💪[体力]2000

⏳[冷却]50秒🤯

🎯[定身]15%定身3秒

🤔[附加说明]
1.不攻击非主流&幽灵类老鼠
2.终转前5次造成1/1/1.5/2/3倍伤害，之后攻击倍率等同于攻击次数，上限20倍，死亡产生灰烬效果",神谕之石,🚫,🚫,🚫,🚫,🚫,🚫,🚫,🚫,2,2,2,3,3,3,🚫,🚫,🚫,2,🚫,🚫,🚫,🚫,🚫,🚫,🚫,🚫,🚫,🚫,🚫,🚫,🚫,🚫,🚫,95,95,🚫,,,,,,,,,,,,,,,,,,
黑暗圣神,card_data_index_13_2_4_1,"🟡合成材料：电音镭射喵+冰河世纪榴莲

🟤不转：黑暗神使
🟤能力：对进入法罩内的鼠军产生大量伤害和几率定身，持续一段时间后消失

🟠三转：黑暗圣神
🟠能力：攻击频率提高

🟣四转：黑暗神·霍德尔
🟣能力：伤害范围扩大

🔴终转：至尊黑暗神
🔴能力：连续攻击可产生超高暴击，死亡变灰烬",非灰烬类/时效型/A.攻击跟随时间轴,330,好卡😀,攻击力,攻击力,85,100,115,145,175,205,235,285,325,375,425,475,525,580,640,700,760,1160,1860,持续时间,持续时间,15,16,17,18,20,22,26,31,36,"⚔️攻击范围：5×5/5×5/5×7/5×7
⚔️攻击间隔：1秒/0.8秒/0.8秒/0.8秒","💪[体力]2000

⏳[冷却]50秒🤯

🎯[定身]15%定身3秒

🤔[附加说明]
1.不攻击非主流&幽灵类老鼠
2.终转前5次造成1/1/1.5/2/3倍伤害，之后攻击倍率等同于攻击次数，上限20倍，死亡产生灰烬效果",神谕之石,🚫,🚫,🚫,🚫,🚫,🚫,🚫,🚫,2,2,2,3,3,3,🚫,🚫,🚫,2,🚫,🚫,🚫,🚫,🚫,🚫,🚫,🚫,🚫,🚫,🚫,🚫,🚫,🚫,🚫,95,95,🚫,,,,,,,,,,,,,,,,,,
黑暗神·霍德尔,card_data_index_13_2_4_2,"🟡合成材料：电音镭射喵+冰河世纪榴莲

🟤不转：黑暗神使
🟤能力：对进入法罩内的鼠军产生大量伤害和几率定身，持续一段时间后消失

🟠三转：黑暗圣神
🟠能力：攻击频率提高

🟣四转：黑暗神·霍德尔
🟣能力：伤害范围扩大

🔴终转：至尊黑暗神
🔴能力：连续攻击可产生超高暴击，死亡变灰烬",非灰烬类/时效型/A.攻击跟随时间轴,330,好卡😀,攻击力,攻击力,85,100,115,145,175,205,235,285,325,375,425,475,525,580,640,700,760,1160,1860,持续时间,持续时间,15,16,17,18,20,22,26,31,36,"⚔️攻击范围：5×5/5×5/5×7/5×7
⚔️攻击间隔：1秒/0.8秒/0.8秒/0.8秒","💪[体力]2000

⏳[冷却]50秒🤯

🎯[定身]15%定身3秒

🤔[附加说明]
1.不攻击非主流&幽灵类老鼠
2.终转前5次造成1/1/1.5/2/3倍伤害，之后攻击倍率等同于攻击次数，上限20倍，死亡产生灰烬效果",神谕之石,🚫,🚫,🚫,🚫,🚫,🚫,🚫,🚫,2,2,2,3,3,3,🚫,🚫,🚫,2,🚫,🚫,🚫,🚫,🚫,🚫,🚫,🚫,🚫,🚫,🚫,🚫,🚫,🚫,🚫,95,95,🚫,,,,,,,,,,,,,,,,,,
至尊黑暗神,card_data_index_13_2_4_3,"🟡合成材料：电音镭射喵+冰河世纪榴莲

🟤不转：黑暗神使
🟤能力：对进入法罩内的鼠军产生大量伤害和几率定身，持续一段时间后消失

🟠三转：黑暗圣神
🟠能力：攻击频率提高

🟣四转：黑暗神·霍德尔
🟣能力：伤害范围扩大

🔴终转：至尊黑暗神
🔴能力：连续攻击可产生超高暴击，死亡变灰烬",非灰烬类/时效型/A.攻击跟随时间轴,330,好卡😀,攻击力,攻击力,85,100,115,145,175,205,235,285,325,375,425,475,525,580,640,700,760,1160,1860,持续时间,持续时间,15,16,17,18,20,22,26,31,36,"⚔️攻击范围：5×5/5×5/5×7/5×7
⚔️攻击间隔：1秒/0.8秒/0.8秒/0.8秒","💪[体力]2000

⏳[冷却]50秒🤯

🎯[定身]15%定身3秒

🤔[附加说明]
1.不攻击非主流&幽灵类老鼠
2.终转前5次造成1/1/1.5/2/3倍伤害，之后攻击倍率等同于攻击次数，上限20倍，死亡产生灰烬效果",神谕之石,🚫,🚫,🚫,🚫,🚫,🚫,🚫,🚫,2,2,2,3,3,3,🚫,🚫,🚫,2,🚫,🚫,🚫,🚫,🚫,🚫,🚫,🚫,🚫,🚫,🚫,🚫,🚫,🚫,🚫,95,95,🚫,,,,,,,,,,,,,,,,,,
巴德尔神使,card_data_index_13_2_8_0,"🟡合成材料：燃爆龙珠果+九天皓日火龙果

🟤不转：巴德尔神使
🟤能力：对进入法罩内的鼠军产生大量伤害和几率定身，持续一段时间后消失

🟠三转：巴德尔圣神
🟠能力：攻击频率提高

🟣四转：光明神·巴德尔
🟣能力：伤害范围扩大

🔴终转：暂未开放
🔴能力：暂未开放",非灰烬类/时效型/B.攻击跟随自身,395,好卡😀,攻击力,攻击力,12,14,16,18,20,25,30,36,42,48,54,66,78,90,102,116,132,198,300,攻击间隔,攻击间隔,3.5,3.45,3.4,3.35,3.3,3.2,3.1,3,2.8,"⚔️攻击范围：5×5
⚔️三转后放置1次黑暗神,距离最近的5/7个光明神产生3×3/5×5范围1100/1500伤害爆炸，灰烬非精英鼠
⚔️四转有黑暗神在场时造成4倍伤害","⏳[冷却]21秒🤯

🎯[定身]10%定身1.5秒

🤔[附加说明]
1.不攻击任意状态下的非主流
2.每次攻击持续2.1秒造成10次伤害，附带击杀灰烬",神谕之石,🚫,🚫,🚫,🚫,🚫,🚫,🚫,🚫,🚫,🚫,🚫,🚫,🚫,🚫,🚫,🚫,🚫,🚫,🚫,🚫,🚫,🚫,🚫,🚫,🚫,🚫,🚫,🚫,🚫,🚫,🚫,🚫,🚫,🚫,🚫,🚫,,,,,,,,,,,,,,,,,,
巴德尔圣神,card_data_index_13_2_8_1,"🟡合成材料：燃爆龙珠果+九天皓日火龙果

🟤不转：巴德尔神使
🟤能力：对进入法罩内的鼠军产生大量伤害和几率定身，持续一段时间后消失

🟠三转：巴德尔圣神
🟠能力：攻击频率提高

🟣四转：光明神·巴德尔
🟣能力：伤害范围扩大

🔴终转：暂未开放
🔴能力：暂未开放",非灰烬类/时效型/B.攻击跟随自身,395,好卡😀,攻击力,攻击力,12,14,16,18,20,25,30,36,42,48,54,66,78,90,102,116,132,198,300,攻击间隔,攻击间隔,3.5,3.45,3.4,3.35,3.3,3.2,3.1,3,2.8,"⚔️攻击范围：5×5
⚔️三转后放置1次黑暗神,距离最近的5/7个光明神产生3×3/5×5范围1100/1500伤害爆炸，灰烬非精英鼠
⚔️四转有黑暗神在场时造成4倍伤害","⏳[冷却]21秒🤯

🎯[定身]10%定身1.5秒

🤔[附加说明]
1.不攻击任意状态下的非主流
2.每次攻击持续2.1秒造成10次伤害，附带击杀灰烬",神谕之石,🚫,🚫,🚫,🚫,🚫,🚫,🚫,🚫,🚫,🚫,🚫,🚫,🚫,🚫,🚫,🚫,🚫,🚫,🚫,🚫,🚫,🚫,🚫,🚫,🚫,🚫,🚫,🚫,🚫,🚫,🚫,🚫,🚫,🚫,🚫,🚫,,,,,,,,,,,,,,,,,,
光明神·巴德尔,card_data_index_13_2_8_2,"🟡合成材料：燃爆龙珠果+九天皓日火龙果

🟤不转：巴德尔神使
🟤能力：对进入法罩内的鼠军产生大量伤害和几率定身，持续一段时间后消失

🟠三转：巴德尔圣神
🟠能力：攻击频率提高

🟣四转：光明神·巴德尔
🟣能力：伤害范围扩大

🔴终转：暂未开放
🔴能力：暂未开放",非灰烬类/时效型/B.攻击跟随自身,395,好卡😀,攻击力,攻击力,12,14,16,18,20,25,30,36,42,48,54,66,78,90,102,116,132,198,300,攻击间隔,攻击间隔,3.5,3.45,3.4,3.35,3.3,3.2,3.1,3,2.8,"⚔️攻击范围：5×5
⚔️三转后放置1次黑暗神,距离最近的5/7个光明神产生3×3/5×5范围1100/1500伤害爆炸，灰烬非精英鼠
⚔️四转有黑暗神在场时造成4倍伤害","⏳[冷却]21秒🤯

🎯[定身]10%定身1.5秒

🤔[附加说明]
1.不攻击任意状态下的非主流
2.每次攻击持续2.1秒造成10次伤害，附带击杀灰烬",神谕之石,🚫,🚫,🚫,🚫,🚫,🚫,🚫,🚫,🚫,🚫,🚫,🚫,🚫,🚫,🚫,🚫,🚫,🚫,🚫,🚫,🚫,🚫,🚫,🚫,🚫,🚫,🚫,🚫,🚫,🚫,🚫,🚫,🚫,🚫,🚫,🚫,,,,,,,,,,,,,,,,,,
柯罗诺斯神使,card_data_index_14_1_6_0,"🟡合成材料：巨星转龙壶+珍馐计时器

🟤不转：柯罗诺斯神使
🟤能力：种卡之后一段时间内，持续给范围内的卡片缩短冷却时间

🟠三转：柯罗诺斯圣神
🟠能力：放卡产生爆炸

🟣四转：时间神·柯罗诺斯
🟣能力：范围扩大，冷却继续缩减

🔴终转：至尊时间神
🔴能力：范围扩大至全屏，冷却缩减100%",强力辅助类/冷却&复制&变星,370,好卡😀,冷却时间,冷却时间,60,59,58,57,55,53,50,47,44,41,38,35,32,29,26,23,20,null,null,持续时间,持续时间,17,17.5,18,18.5,19,19.5,24,25,31,"⚔️前摇：1.2秒/1.8秒/1.8秒/1.8秒
⚔️作用范围：3×3/3×3/5×5/全屏
⚔️冷却缩减：50%/50%/60%/100%
⚔️三转后5×5范围900灰烬爆炸","🤔[附加说明]
1.放下后1.2/1.8/1.8/1.8秒第一次冷却，之后每7秒冷却1次。故0技能3次，6技能4次，8技能5次
2.对已经冷却完毕的&非实体卡片不生效
3.可以被复制😮",神谕之石,🚫,🚫,🚫,🚫,🚫,🚫,🚫,🚫,15,15,15,🚫,🚫,🚫,🚫,🚫,🚫,🚫,🚫,🚫,🚫,🚫,🚫,🚫,🚫,🚫,🚫,🚫,🚫,98,98,98,🚫,116,116,🚫,,,,,,,,,,,,,,,,,,
柯罗诺斯圣神,card_data_index_14_1_6_1,"🟡合成材料：巨星转龙壶+珍馐计时器

🟤不转：柯罗诺斯神使
🟤能力：种卡之后一段时间内，持续给范围内的卡片缩短冷却时间

🟠三转：柯罗诺斯圣神
🟠能力：放卡产生爆炸

🟣四转：时间神·柯罗诺斯
🟣能力：范围扩大，冷却继续缩减

🔴终转：至尊时间神
🔴能力：范围扩大至全屏，冷却缩减100%",强力辅助类/冷却&复制&变星,370,好卡😀,冷却时间,冷却时间,60,59,58,57,55,53,50,47,44,41,38,35,32,29,26,23,20,null,null,持续时间,持续时间,17,17.5,18,18.5,19,19.5,24,25,31,"⚔️前摇：1.2秒/1.8秒/1.8秒/1.8秒
⚔️作用范围：3×3/3×3/5×5/全屏
⚔️冷却缩减：50%/50%/60%/100%
⚔️三转后5×5范围900灰烬爆炸","🤔[附加说明]
1.放下后1.2/1.8/1.8/1.8秒第一次冷却，之后每7秒冷却1次。故0技能3次，6技能4次，8技能5次
2.对已经冷却完毕的&非实体卡片不生效
3.可以被复制😮",神谕之石,🚫,🚫,🚫,🚫,🚫,🚫,🚫,🚫,15,15,15,🚫,🚫,🚫,🚫,🚫,🚫,🚫,🚫,🚫,🚫,🚫,🚫,🚫,🚫,🚫,🚫,🚫,🚫,98,98,98,🚫,116,116,🚫,,,,,,,,,,,,,,,,,,
时间神·柯罗诺斯,card_data_index_14_1_6_2,"🟡合成材料：巨星转龙壶+珍馐计时器

🟤不转：柯罗诺斯神使
🟤能力：种卡之后一段时间内，持续给范围内的卡片缩短冷却时间

🟠三转：柯罗诺斯圣神
🟠能力：放卡产生爆炸

🟣四转：时间神·柯罗诺斯
🟣能力：范围扩大，冷却继续缩减

🔴终转：至尊时间神
🔴能力：范围扩大至全屏，冷却缩减100%",强力辅助类/冷却&复制&变星,370,好卡😀,冷却时间,冷却时间,60,59,58,57,55,53,50,47,44,41,38,35,32,29,26,23,20,null,null,持续时间,持续时间,17,17.5,18,18.5,19,19.5,24,25,31,"⚔️前摇：1.2秒/1.8秒/1.8秒/1.8秒
⚔️作用范围：3×3/3×3/5×5/全屏
⚔️冷却缩减：50%/50%/60%/100%
⚔️三转后5×5范围900灰烬爆炸","🤔[附加说明]
1.放下后1.2/1.8/1.8/1.8秒第一次冷却，之后每7秒冷却1次。故0技能3次，6技能4次，8技能5次
2.对已经冷却完毕的&非实体卡片不生效
3.可以被复制😮",神谕之石,🚫,🚫,🚫,🚫,🚫,🚫,🚫,🚫,15,15,15,🚫,🚫,🚫,🚫,🚫,🚫,🚫,🚫,🚫,🚫,🚫,🚫,🚫,🚫,🚫,🚫,🚫,🚫,98,98,98,🚫,116,116,🚫,,,,,,,,,,,,,,,,,,
至尊时间神,card_data_index_14_1_6_3,"🟡合成材料：巨星转龙壶+珍馐计时器

🟤不转：柯罗诺斯神使
🟤能力：种卡之后一段时间内，持续给范围内的卡片缩短冷却时间

🟠三转：柯罗诺斯圣神
🟠能力：放卡产生爆炸

🟣四转：时间神·柯罗诺斯
🟣能力：范围扩大，冷却继续缩减

🔴终转：至尊时间神
🔴能力：范围扩大至全屏，冷却缩减100%",强力辅助类/冷却&复制&变星,370,好卡😀,冷却时间,冷却时间,60,59,58,57,55,53,50,47,44,41,38,35,32,29,26,23,20,null,null,持续时间,持续时间,17,17.5,18,18.5,19,19.5,24,25,31,"⚔️前摇：1.2秒/1.8秒/1.8秒/1.8秒
⚔️作用范围：3×3/3×3/5×5/全屏
⚔️冷却缩减：50%/50%/60%/100%
⚔️三转后5×5范围900灰烬爆炸","🤔[附加说明]
1.放下后1.2/1.8/1.8/1.8秒第一次冷却，之后每7秒冷却1次。故0技能3次，6技能4次，8技能5次
2.对已经冷却完毕的&非实体卡片不生效
3.可以被复制😮",神谕之石,🚫,🚫,🚫,🚫,🚫,🚫,🚫,🚫,15,15,15,🚫,🚫,🚫,🚫,🚫,🚫,🚫,🚫,🚫,🚫,🚫,🚫,🚫,🚫,🚫,🚫,🚫,🚫,98,98,98,🚫,116,116,🚫,,,,,,,,,,,,,,,,,,
克洛托神使,card_data_index_14_1_7_0,"🟡合成材料：琼浆蛇蛇酒+未来时光机

🟤不转：克洛托神使
🟤能力：随机为3×3范围卡片升星或者降星,一段时间后复原

🟠三转：克洛托圣神
🟠能力：升星效果加强，只升不降

🟣四转：命运女神·克洛托
🟣能力：范围扩大至5×5，为部分金卡突破能力极限至Max星

🔴终转：至尊命运女神
🔴能力：范围扩大至5×7，再次突破能力极限至Ultra星",强力辅助类/冷却&复制&变星,400,好卡😀,冷却时间,冷却时间,60,59,58,57,55,53,50,47,44,41,38,35,32,29,26,23,20,null,null,持续时间,持续时间,60,65,70,75,80,85,95,105,120,"⚔️前摇：1秒
⚔️作用范围：3×3/3×3/5×5/5×7","🤔[变星机制说明]
不转：
-2(8%)、-1(20%)、+1(50%)、+2(15%)、+3(5%)、+4(2%)
三转：
+1(60%)、+2(29%)、+3(8%)、+4(3%)
四转：
+1(42%)、+2(40%)、+3(12%)、+4(6%)
终转：
+1(29%)、+2(45%)、+3(20%)、+4(6%)

🤔[附加说明]
1.该类卡为范围内卡升降星，最高16星，最低0星
2.四转命运女神最高Max星，终转最高Ultra星
3.未作用于任何卡则清空自身CD
4.[持续时间]过后复原",神谕之石,🚫,🚫,🚫,🚫,🚫,🚫,🚫,🚫,16,16,16,🚫,🚫,🚫,🚫,🚫,🚫,🚫,🚫,🚫,🚫,🚫,🚫,🚫,🚫,🚫,🚫,🚫,🚫,98,98,98,🚫,🚫,🚫,🚫,,,,,,,,,,,,,,,,,,
克洛托圣神,card_data_index_14_1_7_1,"🟡合成材料：琼浆蛇蛇酒+未来时光机

🟤不转：克洛托神使
🟤能力：随机为3×3范围卡片升星或者降星,一段时间后复原

🟠三转：克洛托圣神
🟠能力：升星效果加强，只升不降

🟣四转：命运女神·克洛托
🟣能力：范围扩大至5×5，为部分金卡突破能力极限至Max星

🔴终转：至尊命运女神
🔴能力：范围扩大至5×7，再次突破能力极限至Ultra星",强力辅助类/冷却&复制&变星,400,好卡😀,冷却时间,冷却时间,60,59,58,57,55,53,50,47,44,41,38,35,32,29,26,23,20,null,null,持续时间,持续时间,60,65,70,75,80,85,95,105,120,"⚔️前摇：1秒
⚔️作用范围：3×3/3×3/5×5/5×7","🤔[变星机制说明]
不转：
-2(8%)、-1(20%)、+1(50%)、+2(15%)、+3(5%)、+4(2%)
三转：
+1(60%)、+2(29%)、+3(8%)、+4(3%)
四转：
+1(42%)、+2(40%)、+3(12%)、+4(6%)
终转：
+1(29%)、+2(45%)、+3(20%)、+4(6%)

🤔[附加说明]
1.该类卡为范围内卡升降星，最高16星，最低0星
2.四转命运女神最高Max星，终转最高Ultra星
3.未作用于任何卡则清空自身CD
4.[持续时间]过后复原",神谕之石,🚫,🚫,🚫,🚫,🚫,🚫,🚫,🚫,16,16,16,🚫,🚫,🚫,🚫,🚫,🚫,🚫,🚫,🚫,🚫,🚫,🚫,🚫,🚫,🚫,🚫,🚫,🚫,98,98,98,🚫,🚫,🚫,🚫,,,,,,,,,,,,,,,,,,
命运女神·克洛托,card_data_index_14_1_7_2,"🟡合成材料：琼浆蛇蛇酒+未来时光机

🟤不转：克洛托神使
🟤能力：随机为3×3范围卡片升星或者降星,一段时间后复原

🟠三转：克洛托圣神
🟠能力：升星效果加强，只升不降

🟣四转：命运女神·克洛托
🟣能力：范围扩大至5×5，为部分金卡突破能力极限至Max星

🔴终转：至尊命运女神
🔴能力：范围扩大至5×7，再次突破能力极限至Ultra星",强力辅助类/冷却&复制&变星,400,好卡😀,冷却时间,冷却时间,60,59,58,57,55,53,50,47,44,41,38,35,32,29,26,23,20,null,null,持续时间,持续时间,60,65,70,75,80,85,95,105,120,"⚔️前摇：1秒
⚔️作用范围：3×3/3×3/5×5/5×7","🤔[变星机制说明]
不转：
-2(8%)、-1(20%)、+1(50%)、+2(15%)、+3(5%)、+4(2%)
三转：
+1(60%)、+2(29%)、+3(8%)、+4(3%)
四转：
+1(42%)、+2(40%)、+3(12%)、+4(6%)
终转：
+1(29%)、+2(45%)、+3(20%)、+4(6%)

🤔[附加说明]
1.该类卡为范围内卡升降星，最高16星，最低0星
2.四转命运女神最高Max星，终转最高Ultra星
3.未作用于任何卡则清空自身CD
4.[持续时间]过后复原",神谕之石,🚫,🚫,🚫,🚫,🚫,🚫,🚫,🚫,16,16,16,🚫,🚫,🚫,🚫,🚫,🚫,🚫,🚫,🚫,🚫,🚫,🚫,🚫,🚫,🚫,🚫,🚫,🚫,98,98,98,🚫,🚫,🚫,🚫,,,,,,,,,,,,,,,,,,
至尊命运女神,card_data_index_14_1_7_3,"🟡合成材料：琼浆蛇蛇酒+未来时光机

🟤不转：克洛托神使
🟤能力：随机为3×3范围卡片升星或者降星,一段时间后复原

🟠三转：克洛托圣神
🟠能力：升星效果加强，只升不降

🟣四转：命运女神·克洛托
🟣能力：范围扩大至5×5，为部分金卡突破能力极限至Max星

🔴终转：至尊命运女神
🔴能力：范围扩大至5×7，再次突破能力极限至Ultra星",强力辅助类/冷却&复制&变星,400,好卡😀,冷却时间,冷却时间,60,59,58,57,55,53,50,47,44,41,38,35,32,29,26,23,20,null,null,持续时间,持续时间,60,65,70,75,80,85,95,105,120,"⚔️前摇：1秒
⚔️作用范围：3×3/3×3/5×5/5×7","🤔[变星机制说明]
不转：
-2(8%)、-1(20%)、+1(50%)、+2(15%)、+3(5%)、+4(2%)
三转：
+1(60%)、+2(29%)、+3(8%)、+4(3%)
四转：
+1(42%)、+2(40%)、+3(12%)、+4(6%)
终转：
+1(29%)、+2(45%)、+3(20%)、+4(6%)

🤔[附加说明]
1.该类卡为范围内卡升降星，最高16星，最低0星
2.四转命运女神最高Max星，终转最高Ultra星
3.未作用于任何卡则清空自身CD
4.[持续时间]过后复原",神谕之石,🚫,🚫,🚫,🚫,🚫,🚫,🚫,🚫,16,16,16,🚫,🚫,🚫,🚫,🚫,🚫,🚫,🚫,🚫,🚫,🚫,🚫,🚫,🚫,🚫,🚫,🚫,🚫,98,98,98,🚫,🚫,🚫,🚫,,,,,,,,,,,,,,,,,,
梵天神使,card_data_index_14_1_13_0,"🟡合成材料：导师幻幻鸡+至尊圣诞包裹

🟤不转：梵天神使
🟤能力：变身出2张上一次种下的卡片，不能用于对战和同类卡片

🟠三转：梵天圣神
🟠能力：变身产生5×5范围爆炸

🟣四转：创造神·梵天
🟣能力：变身数量增加1个

🔴终转：暂未开放
🔴能力：暂未开放",强力辅助类/冷却&复制&变星,325,好卡😀,冷却时间,冷却时间,55,54,53,52,50,48,46,43,40,37,34,31,28,25,22,19,15,null,null,该防御卡不支持技能,该防御卡不支持技能,null,null,null,null,null,null,null,null,null,"⚔️前摇：1.7秒/2秒/2秒
⚔️变身数量：2/3/3
⚔️三转后5×5范围900灰烬爆炸","🤔[复制机制说明]
在①处放置创造神，按照序号由小到大顺序检索，若有障碍则顺延至下一位，以此类推。并且有且只会在自身为中心3×3范围内放置。

⑥②⑧
⑤①④
⑦③⑨",神谕之石,🚫,🚫,🚫,🚫,🚫,🚫,🚫,🚫,16,16,16,🚫,🚫,🚫,🚫,🚫,🚫,12,🚫,🚫,🚫,🚫,🚫,🚫,🚫,🚫,🚫,🚫,🚫,98,98,98,🚫,🚫,🚫,🚫,,,,,,,,,,,,,,,,,,
梵天圣神,card_data_index_14_1_13_1,"🟡合成材料：导师幻幻鸡+至尊圣诞包裹

🟤不转：梵天神使
🟤能力：变身出2张上一次种下的卡片，不能用于对战和同类卡片

🟠三转：梵天圣神
🟠能力：变身产生5×5范围爆炸

🟣四转：创造神·梵天
🟣能力：变身数量增加1个

🔴终转：暂未开放
🔴能力：暂未开放",强力辅助类/冷却&复制&变星,325,好卡😀,冷却时间,冷却时间,55,54,53,52,50,48,46,43,40,37,34,31,28,25,22,19,15,null,null,该防御卡不支持技能,该防御卡不支持技能,null,null,null,null,null,null,null,null,null,"⚔️前摇：1.7秒/2秒/2秒
⚔️变身数量：2/3/3
⚔️三转后5×5范围900灰烬爆炸","🤔[复制机制说明]
在①处放置创造神，按照序号由小到大顺序检索，若有障碍则顺延至下一位，以此类推。并且有且只会在自身为中心3×3范围内放置。

⑥②⑧
⑤①④
⑦③⑨",神谕之石,🚫,🚫,🚫,🚫,🚫,🚫,🚫,🚫,16,16,16,🚫,🚫,🚫,🚫,🚫,🚫,12,🚫,🚫,🚫,🚫,🚫,🚫,🚫,🚫,🚫,🚫,🚫,98,98,98,🚫,🚫,🚫,🚫,,,,,,,,,,,,,,,,,,
创造神·梵天,card_data_index_14_1_13_2,"🟡合成材料：导师幻幻鸡+至尊圣诞包裹

🟤不转：梵天神使
🟤能力：变身出2张上一次种下的卡片，不能用于对战和同类卡片

🟠三转：梵天圣神
🟠能力：变身产生5×5范围爆炸

🟣四转：创造神·梵天
🟣能力：变身数量增加1个

🔴终转：暂未开放
🔴能力：暂未开放",强力辅助类/冷却&复制&变星,325,好卡😀,冷却时间,冷却时间,55,54,53,52,50,48,46,43,40,37,34,31,28,25,22,19,15,null,null,该防御卡不支持技能,该防御卡不支持技能,null,null,null,null,null,null,null,null,null,"⚔️前摇：1.7秒/2秒/2秒
⚔️变身数量：2/3/3
⚔️三转后5×5范围900灰烬爆炸","🤔[复制机制说明]
在①处放置创造神，按照序号由小到大顺序检索，若有障碍则顺延至下一位，以此类推。并且有且只会在自身为中心3×3范围内放置。

⑥②⑧
⑤①④
⑦③⑨",神谕之石,🚫,🚫,🚫,🚫,🚫,🚫,🚫,🚫,16,16,16,🚫,🚫,🚫,🚫,🚫,🚫,12,🚫,🚫,🚫,🚫,🚫,🚫,🚫,🚫,🚫,🚫,🚫,98,98,98,🚫,🚫,🚫,🚫,,,,,,,,,,,,,,,,,,
赫拉神使,card_data_index_15_2_3_0,"🟡合成材料：无

🟤不转：赫拉神使
🟤能力：保护被罩的卡片，反伤啃咬它的老鼠，消失后可产生爆炸伤害

🟠三转：赫拉圣神
🟠能力：增加25%的体力

🟣四转：天后·赫拉
🟣能力：给被保护的卡片增加大量体力

🔴终转：至尊天后
🔴能力：一次可保护三张卡片，爆炸威力提升",防御类/护罩类/A.反伤护罩,125,好卡😀,体力,体力,950,1000,1050,1100,1150,1250,1350,1450,1550,1700,1850,2000,2150,2350,2550,2750,2950,3300,3960,冷却时间,冷却时间,20,19,18,17,16,15,14,13,12,"⚔️灰烬爆炸伤害:900/900/900/3000
⚔️终转在全屏范围由近及远找寻空位填补2个天后","😋[食神谱]椰子西米露：体力提升22%，冷却时间减少3秒

🤔[附加说明]
1.先3×3范围100%反伤，后5×5爆炸，可铲触
2.反伤：反弹所受到的伤害数值并扣除对应体力，可超越自身体力值
3.四转首次受伤时，为被保护的攻击/产能/增幅卡增加1000体力，如果保护卡片A的四转赫拉损坏消失，给A再套一个四转赫拉，这个新的赫拉第一次受伤时，还能给A增加1000体力(万血面包警告,面包属于攻击类卡)",神谕之石,2,8,17,🚫,🚫,🚫,🚫,🚫,2,2,2,3,3,3,🚫,🚫,🚫,🚫,🚫,🚫,🚫,🚫,🚫,🚫,🚫,🚫,🚫,🚫,🚫,🚫,🚫,🚫,🚫,126,126,🚫,,,,,,,,,,,,,,,,,,
赫拉圣神,card_data_index_15_2_3_1,"🟡合成材料：无

🟤不转：赫拉神使
🟤能力：保护被罩的卡片，反伤啃咬它的老鼠，消失后可产生爆炸伤害

🟠三转：赫拉圣神
🟠能力：增加25%的体力

🟣四转：天后·赫拉
🟣能力：给被保护的卡片增加大量体力

🔴终转：至尊天后
🔴能力：一次可保护三张卡片，爆炸威力提升",防御类/护罩类/A.反伤护罩,125,好卡😀,体力,体力,1187,1250,1312,1375,1437,1562,1687,1812,1937,2125,2312,2500,2687,2937,3187,3437,3687,4125,4950,冷却时间,冷却时间,20,19,18,17,16,15,14,13,12,"⚔️灰烬爆炸伤害:900/900/900/3000
⚔️终转在全屏范围由近及远找寻空位填补2个天后","😋[食神谱]椰子西米露：体力提升22%，冷却时间减少3秒

🤔[附加说明]
1.先3×3范围100%反伤，后5×5爆炸，可铲触
2.反伤：反弹所受到的伤害数值并扣除对应体力，可超越自身体力值
3.四转首次受伤时，为被保护的攻击/产能/增幅卡增加1000体力，如果保护卡片A的四转赫拉损坏消失，给A再套一个四转赫拉，这个新的赫拉第一次受伤时，还能给A增加1000体力(万血面包警告,面包属于攻击类卡)",神谕之石,2,8,17,🚫,🚫,🚫,🚫,🚫,2,2,2,3,3,3,🚫,🚫,🚫,🚫,🚫,🚫,🚫,🚫,🚫,🚫,🚫,🚫,🚫,🚫,🚫,🚫,🚫,🚫,🚫,126,126,🚫,,,,,,,,,,,,,,,,,,
天后·赫拉,card_data_index_15_2_3_2,"🟡合成材料：无

🟤不转：赫拉神使
🟤能力：保护被罩的卡片，反伤啃咬它的老鼠，消失后可产生爆炸伤害

🟠三转：赫拉圣神
🟠能力：增加25%的体力

🟣四转：天后·赫拉
🟣能力：给被保护的卡片增加大量体力

🔴终转：至尊天后
🔴能力：一次可保护三张卡片，爆炸威力提升",防御类/护罩类/A.反伤护罩,125,好卡😀,体力,体力,1187,1250,1312,1375,1437,1562,1687,1812,1937,2125,2312,2500,2687,2937,3187,3437,3687,4125,4950,冷却时间,冷却时间,20,19,18,17,16,15,14,13,12,"⚔️灰烬爆炸伤害:900/900/900/3000
⚔️终转在全屏范围由近及远找寻空位填补2个天后","😋[食神谱]椰子西米露：体力提升22%，冷却时间减少3秒

🤔[附加说明]
1.先3×3范围100%反伤，后5×5爆炸，可铲触
2.反伤：反弹所受到的伤害数值并扣除对应体力，可超越自身体力值
3.四转首次受伤时，为被保护的攻击/产能/增幅卡增加1000体力，如果保护卡片A的四转赫拉损坏消失，给A再套一个四转赫拉，这个新的赫拉第一次受伤时，还能给A增加1000体力(万血面包警告,面包属于攻击类卡)",神谕之石,2,8,17,🚫,🚫,🚫,🚫,🚫,2,2,2,3,3,3,🚫,🚫,🚫,🚫,🚫,🚫,🚫,🚫,🚫,🚫,🚫,🚫,🚫,🚫,🚫,🚫,🚫,🚫,🚫,126,126,🚫,,,,,,,,,,,,,,,,,,
至尊天后,card_data_index_15_2_3_3,"🟡合成材料：无

🟤不转：赫拉神使
🟤能力：保护被罩的卡片，反伤啃咬它的老鼠，消失后可产生爆炸伤害

🟠三转：赫拉圣神
🟠能力：增加25%的体力

🟣四转：天后·赫拉
🟣能力：给被保护的卡片增加大量体力

🔴终转：至尊天后
🔴能力：一次可保护三张卡片，爆炸威力提升",防御类/护罩类/A.反伤护罩,125,好卡😀,体力,体力,1187,1250,1312,1375,1437,1562,1687,1812,1937,2125,2312,2500,2687,2937,3187,3437,3687,4125,4950,冷却时间,冷却时间,20,19,18,17,16,15,14,13,12,"⚔️灰烬爆炸伤害:900/900/900/3000
⚔️终转在全屏范围由近及远找寻空位填补2个天后","😋[食神谱]椰子西米露：体力提升22%，冷却时间减少3秒

🤔[附加说明]
1.先3×3范围100%反伤，后5×5爆炸，可铲触
2.反伤：反弹所受到的伤害数值并扣除对应体力，可超越自身体力值
3.四转首次受伤时，为被保护的攻击/产能/增幅卡增加1000体力，如果保护卡片A的四转赫拉损坏消失，给A再套一个四转赫拉，这个新的赫拉第一次受伤时，还能给A增加1000体力(万血面包警告,面包属于攻击类卡)",神谕之石,2,8,17,🚫,🚫,🚫,🚫,🚫,2,2,2,3,3,3,🚫,🚫,🚫,🚫,🚫,🚫,🚫,🚫,🚫,🚫,🚫,🚫,🚫,🚫,🚫,🚫,🚫,🚫,🚫,126,126,🚫,,,,,,,,,,,,,,,,,,
